-- --------------------------------------------------------
-- Host:                         127.0.0.1
-- Server version:               5.6.19 - MySQL Community Server (GPL)
-- Server OS:                    Win64
-- HeidiSQL Version:             8.3.0.4694
-- --------------------------------------------------------

/*!40101 SET @OLD_CHARACTER_SET_CLIENT=@@CHARACTER_SET_CLIENT */;
/*!40101 SET NAMES utf8 */;
/*!40014 SET @OLD_FOREIGN_KEY_CHECKS=@@FOREIGN_KEY_CHECKS, FOREIGN_KEY_CHECKS=0 */;
/*!40101 SET @OLD_SQL_MODE=@@SQL_MODE, SQL_MODE='NO_AUTO_VALUE_ON_ZERO' */;
-- Dumping data for table dol.linexspell: ~110 rows (approximately)
/*!40000 ALTER TABLE `linexspell` DISABLE KEYS */;
INSERT INTO `linexspell` (`LineName`, `SpellID`, `Level`, `LineXSpell_ID`) VALUES
	('Mattermancery', 90106, 12, 'a23bd583-0a26-11e4-8724-002637bd3942'),
	('Mattermancery', 90105, 8, 'a23bd837-0a26-11e4-8724-002637bd3942'),
	('Mattermancery', 90102, 2, 'a23bd94f-0a26-11e4-8724-002637bd3942'),
	('Mattermancery', 90107, 15, 'a23bda0b-0a26-11e4-8724-002637bd3942'),
	('Manipulate Earth', 90192, 31, 'a23bdab7-0a26-11e4-8724-002637bd3942'),
	('Manipulate Earth', 90136, 33, 'a23bdb6c-0a26-11e4-8724-002637bd3942'),
	('Manipulate Earth', 90117, 9, 'a23bdc18-0a26-11e4-8724-002637bd3942'),
	('Manipulate Earth', 90116, 6, 'a23bdcfd-0a26-11e4-8724-002637bd3942'),
	('Manipulate Earth', 90130, 1, 'a23bdda6-0a26-11e4-8724-002637bd3942'),
	('Manipulate Earth', 90132, 11, 'a23bde52-0a26-11e4-8724-002637bd3942'),
	('Manipulate Earth', 90118, 13, 'a23bdeec-0a26-11e4-8724-002637bd3942'),
	('Manipulate Earth', 90131, 5, 'a23bdf7d-0a26-11e4-8724-002637bd3942'),
	('Manipulate Earth', 90134, 17, 'a23be03e-0a26-11e4-8724-002637bd3942'),
	('Manipulate Earth', 90137, 45, 'a23be115-0a26-11e4-8724-002637bd3942'),
	('Manipulate Earth', 90119, 18, 'a23be361-0a26-11e4-8724-002637bd3942'),
	('Manipulate Earth', 90121, 36, 'a23be3fb-0a26-11e4-8724-002637bd3942'),
	('Manipulate Earth', 90120, 25, 'a23be492-0a26-11e4-8724-002637bd3942'),
	('Manipulate Earth', 90135, 26, 'a23be529-0a26-11e4-8724-002637bd3942'),
	('Manipulate Earth', 90122, 46, 'a23be5f6-0a26-11e4-8724-002637bd3942'),
	('Manipulate Earth', 90115, 3, 'a23be690-0a26-11e4-8724-002637bd3942'),
	('Manipulate Earth', 90090, 4, 'a23c513b-0a26-11e4-8724-002637bd3942'),
	('Manipulate Earth', 90094, 27, 'a23c5262-0a26-11e4-8724-002637bd3942'),
	('Manipulate Earth', 90092, 16, 'a23c5345-0a26-11e4-8724-002637bd3942'),
	('Manipulate Earth', 90096, 37, 'a23c53fa-0a26-11e4-8724-002637bd3942'),
	('Manipulate Earth', 90095, 32, 'a23c54e5-0a26-11e4-8724-002637bd3942'),
	('Manipulate Earth', 90093, 22, 'a23c558e-0a26-11e4-8724-002637bd3942'),
	('Manipulate Earth', 90091, 10, 'a23c5641-0a26-11e4-8724-002637bd3942'),
	('Manipulate Earth', 90098, 50, 'a23c56ea-0a26-11e4-8724-002637bd3942'),
	('Manipulate Earth', 90097, 42, 'a23c577e-0a26-11e4-8724-002637bd3942'),
	('Manipulate Earth', 90188, 2, 'a23c581b-0a26-11e4-8724-002637bd3942'),
	('Manipulate Earth', 90194, 48, 'a23c58b1-0a26-11e4-8724-002637bd3942'),
	('Manipulate Earth', 90189, 7, 'a23c5945-0a26-11e4-8724-002637bd3942'),
	('Manipulate Earth', 90190, 12, 'a23c59d6-0a26-11e4-8724-002637bd3942'),
	('Manipulate Earth', 90193, 40, 'a23c5a70-0a26-11e4-8724-002637bd3942'),
	('Manipulate Earth', 90191, 20, 'a23c5b13-0a26-11e4-8724-002637bd3942'),
	('Air Manipulation', 90187, 47, 'a23c5ba7-0a26-11e4-8724-002637bd3942'),
	('Air Manipulation', 90184, 23, 'a23c5c4a-0a26-11e4-8724-002637bd3942'),
	('Air Manipulation', 90185, 27, 'a23c5cea-0a26-11e4-8724-002637bd3942'),
	('Air Manipulation', 90180, 1, 'a23c69dd-0a26-11e4-8724-002637bd3942'),
	('Air Manipulation', 90186, 37, 'a23c6ab6-0a26-11e4-8724-002637bd3942'),
	('Air Manipulation', 90147, 24, 'a23c6bc3-0a26-11e4-8724-002637bd3942'),
	('Air Manipulation', 90145, 3, 'a23c6ce4-0a26-11e4-8724-002637bd3942'),
	('Air Manipulation', 90061, 10, 'a23c6e3f-0a26-11e4-8724-002637bd3942'),
	('Air Manipulation', 90020, 5, 'a23c6f28-0a26-11e4-8724-002637bd3942'),
	('Air Manipulation', 90025, 39, 'a23c6fc2-0a26-11e4-8724-002637bd3942'),
	('Air Manipulation', 90021, 9, 'a23c7056-0a26-11e4-8724-002637bd3942'),
	('Air Manipulation', 90023, 21, 'a23c70ea-0a26-11e4-8724-002637bd3942'),
	('Air Manipulation', 90026, 49, 'a23c717e-0a26-11e4-8724-002637bd3942'),
	('Air Manipulation', 90024, 30, 'a23c720e-0a26-11e4-8724-002637bd3942'),
	('Air Manipulation', 90022, 16, 'a23c7345-0a26-11e4-8724-002637bd3942'),
	('Air Manipulation', 90062, 17, 'a23c73d9-0a26-11e4-8724-002637bd3942'),
	('Air Manipulation', 90060, 4, 'a23c746d-0a26-11e4-8724-002637bd3942'),
	('Air Manipulation', 90064, 33, 'a23c74f8-0a26-11e4-8724-002637bd3942'),
	('Air Manipulation', 90065, 42, 'a23c7589-0a26-11e4-8724-002637bd3942'),
	('Air Manipulation', 90063, 25, 'a23c761a-0a26-11e4-8724-002637bd3942'),
	('Air Manipulation', 90146, 15, 'a23c76ab-0a26-11e4-8724-002637bd3942'),
	('Air Manipulation', 90148, 26, 'a23c7736-0a26-11e4-8724-002637bd3942'),
	('Air Manipulation', 90149, 45, 'a23c77c6-0a26-11e4-8724-002637bd3942'),
	('Air Manipulation', 90167, 13, 'a23c785a-0a26-11e4-8724-002637bd3942'),
	('Air Manipulation', 90169, 34, 'a23c78e8-0a26-11e4-8724-002637bd3942'),
	('Air Manipulation', 90168, 22, 'a23c7979-0a26-11e4-8724-002637bd3942'),
	('Air Manipulation', 90166, 2, 'a23c7a0a-0a26-11e4-8724-002637bd3942'),
	('Air Manipulation', 90169, 43, 'a23c7a9b-0a26-11e4-8724-002637bd3942'),
	('Air Manipulation', 90183, 18, 'a23c7b29-0a26-11e4-8724-002637bd3942'),
	('Air Manipulation', 90182, 12, 'a23c7bba-0a26-11e4-8724-002637bd3942'),
	('Air Manipulation', 90181, 6, 'a23c7c51-0a26-11e4-8724-002637bd3942'),
	('Gift of Flame', 90322, 9, 'a23c7ce5-0a26-11e4-8724-002637bd3942'),
	('Gift of Flame', 90328, 48, 'a23c7d8b-0a26-11e4-8724-002637bd3942'),
	('Gift of Flame', 90323, 14, 'a23c7e22-0a26-11e4-8724-002637bd3942'),
	('Gift of Flame', 90041, 2, 'a23c7eb5-0a26-11e4-8724-002637bd3942'),
	('Gift of Flame', 90048, 44, 'a23c7f49-0a26-11e4-8724-002637bd3942'),
	('Gift of Flame', 90046, 24, 'a23c7fe3-0a26-11e4-8724-002637bd3942'),
	('Gift of Flame', 90045, 18, 'a23c8074-0a26-11e4-8724-002637bd3942'),
	('Gift of Flame', 90042, 5, 'a23c8108-0a26-11e4-8724-002637bd3942'),
	('Gift of Flame', 90044, 12, 'a23c8199-0a26-11e4-8724-002637bd3942'),
	('Gift of Flame', 90043, 7, 'a23c822a-0a26-11e4-8724-002637bd3942'),
	('Gift of Flame', 90047, 32, 'a23c82bb-0a26-11e4-8724-002637bd3942'),
	('Gift of Flame', 90302, 8, 'a23c83f5-0a26-11e4-8724-002637bd3942'),
	('Gift of Flame', 90309, 47, 'a23c8489-0a26-11e4-8724-002637bd3942'),
	('Gift of Flame', 90301, 4, 'a23c851d-0a26-11e4-8724-002637bd3942'),
	('Gift of Flame', 90308, 37, 'a23c85aa-0a26-11e4-8724-002637bd3942'),
	('Gift of Flame', 90305, 17, 'a23c863b-0a26-11e4-8724-002637bd3942'),
	('Gift of Flame', 90303, 10, 'a23c8f25-0a26-11e4-8724-002637bd3942'),
	('Gift of Flame', 90304, 13, 'a23c8fe1-0a26-11e4-8724-002637bd3942'),
	('Gift of Flame', 90306, 23, 'a23c9087-0a26-11e4-8724-002637bd3942'),
	('Gift of Flame', 90307, 30, 'a23c91d3-0a26-11e4-8724-002637bd3942'),
	('Gift of Flame', 90320, 3, 'a23c928e-0a26-11e4-8724-002637bd3942'),
	('Gift of Flame', 90325, 26, 'a23c932e-0a26-11e4-8724-002637bd3942'),
	('Gift of Flame', 90326, 33, 'a23c93c5-0a26-11e4-8724-002637bd3942'),
	('Gift of Flame', 90321, 6, 'a23c9459-0a26-11e4-8724-002637bd3942'),
	('Gift of Flame', 90327, 40, 'a23c94ef-0a26-11e4-8724-002637bd3942'),
	('Gift of Flame', 90324, 19, 'a23c9589-0a26-11e4-8724-002637bd3942'),
	('Mattermancery', 90103, 4, 'a23c961d-0a26-11e4-8724-002637bd3942'),
	('Mattermancery', 90110, 33, 'a23c96c6-0a26-11e4-8724-002637bd3942'),
	('Mattermancery', 90159, 49, 'a23c976f-0a26-11e4-8724-002637bd3942'),
	('Mattermancery', 90101, 1, 'a23c981b-0a26-11e4-8724-002637bd3942'),
	('Mattermancery', 90156, 24, 'a23c98cb-0a26-11e4-8724-002637bd3942'),
	('Mattermancery', 90154, 14, 'a23c996e-0a26-11e4-8724-002637bd3942'),
	('Mattermancery', 90153, 10, 'a23c9a04-0a26-11e4-8724-002637bd3942'),
	('Mattermancery', 90155, 18, 'a23c9a98-0a26-11e4-8724-002637bd3942'),
	('Mattermancery', 90112, 50, 'a23c9b32-0a26-11e4-8724-002637bd3942'),
	('Mattermancery', 90104, 5, 'a23c9bc9-0a26-11e4-8724-002637bd3942'),
	('Mattermancery', 90157, 32, 'a23c9c5d-0a26-11e4-8724-002637bd3942'),
	('Mattermancery', 90158, 42, 'a23c9cf4-0a26-11e4-8724-002637bd3942'),
	('Mattermancery', 90152, 7, 'a23c9d8b-0a26-11e4-8724-002637bd3942'),
	('Mattermancery', 90151, 3, 'a23c9e1f-0a26-11e4-8724-002637bd3942'),
	('Mattermancery', 90108, 20, 'a23c9eb3-0a26-11e4-8724-002637bd3942'),
	('Mattermancery', 90109, 26, 'a23c9f47-0a26-11e4-8724-002637bd3942'),
	('Mattermancery', 90111, 43, 'a23c9fdb-0a26-11e4-8724-002637bd3942'),
	('Gift of Flame', 90300, 1, 'a23ca06c-0a26-11e4-8724-002637bd3942');
/*!40000 ALTER TABLE `linexspell` ENABLE KEYS */;

-- Dumping data for table dol.npctemplate: ~1 rows (approximately)
/*!40000 ALTER TABLE `npctemplate` DISABLE KEYS */;
INSERT INTO `npctemplate` (`TemplateId`, `Name`, `ClassType`, `GuildName`, `Model`, `Size`, `Level`, `MaxSpeed`, `EquipmentTemplateID`, `ItemsListTemplateID`, `Flags`, `MeleeDamageType`, `ParryChance`, `EvadeChance`, `BlockChance`, `LeftHandSwingChance`, `Spells`, `Styles`, `Strength`, `Constitution`, `Dexterity`, `Quickness`, `Intelligence`, `Piety`, `Charisma`, `Empathy`, `Abilities`, `AggroLevel`, `AggroRange`, `Race`, `BodyType`, `MaxDistance`, `TetherRange`, `VisibleWeaponSlots`, `ReplaceMobValues`, `PackageID`, `NpcTemplate_ID`, `TranslationId`, `Suffix`, `ExamineArticle`, `MessageArticle`, `Gender`) VALUES
	(90195, 'Servant of Earth', 'DOL.GS.GameNPC', NULL, '601', '30', '0', 191, NULL, NULL, 0, 1, 0, 0, 10, 50, NULL, NULL, 500, 200, 50, 50, 200, 200, 0, 0, NULL, NULL, NULL, NULL, NULL, NULL, NULL, 0, NULL, 'Mattermancer', 'mattermancerEarthPet', NULL, NULL, NULL, NULL, NULL);
/*!40000 ALTER TABLE `npctemplate` ENABLE KEYS */;

-- Dumping data for table dol.specialization: ~2 rows (approximately)
/*!40000 ALTER TABLE `specialization` DISABLE KEYS */;
INSERT INTO `specialization` (`KeyName`, `Name`, `Icon`, `Description`, `Specialization_ID`) VALUES
	('Manipulate Earth', 'Manipulate Earth', 0, 'no', 'mattermancerEarth'),
	('Gift of Flame', 'Gift of Flame', 0, 'no', 'mattermancerFire');
/*!40000 ALTER TABLE `specialization` ENABLE KEYS */;

-- Dumping data for table dol.spell: ~193 rows (approximately)
/*!40000 ALTER TABLE `spell` DISABLE KEYS */;
INSERT INTO `spell` (`SpellID`, `ClientEffect`, `Icon`, `Name`, `Description`, `Target`, `Range`, `Power`, `CastTime`, `Damage`, `DamageType`, `Type`, `Duration`, `Frequency`, `Pulse`, `PulsePower`, `Radius`, `RecastDelay`, `ResurrectHealth`, `ResurrectMana`, `Value`, `Concentration`, `LifeDrainReturn`, `AmnesiaChance`, `Message1`, `Message2`, `Message3`, `Message4`, `InstrumentRequirement`, `SpellGroup`, `EffectGroup`, `SubSpellID`, `MoveCast`, `Uninterruptible`, `IsFocus`, `SharedTimerGroup`, `IsPrimary`, `IsSecondary`, `AllowBolt`, `PackageID`, `Spell_ID`) VALUES
	(90009, 3009, 3009, 'Heal', 'Heals the target.', 'Realm', 0, 0, 0, 0, 0, 'Heal', 0, 0, 0, 0, 400, 0, 0, 0, 50, 0, 0, 0, '', '', '', '', 0, 130, NULL, NULL, NULL, NULL, 0, 0, NULL, NULL, NULL, 'Mattermancer', 'ac4827f2-0a10-11e4-931b-6cf049edc9ce'),
	(90080, 71, 212, 'Minor Rumblings', 'Damages the target.', 'Enemy', 0, 0, 0, 19, 14, 'DirectDamage', 0, 0, 0, 0, 500, 0, 0, 0, 0, 0, 0, 0, '', '', '', '', 0, 0, 0, 0, 0, 0, 0, 0, 0, 0, 0, 'Mattermancer', 'ac482c8f-0a10-11e4-931b-6cf049edc9ce'),
	(90081, 72, 212, 'Rumblings', 'Damages the target.', 'Enemy', 0, 0, 0, 34, 14, 'DirectDamage', 0, 0, 0, 0, 500, 0, 0, 0, 0, 0, 0, 0, '', '', '', '', 0, 0, 0, 0, 0, 0, 0, 0, 0, 0, 0, 'Mattermancer', 'ac482e11-0a10-11e4-931b-6cf049edc9ce'),
	(90082, 73, 213, 'Minor Tremor', 'Damages the target.', 'Enemy', 0, 0, 0, 50, 14, 'DirectDamage', 0, 0, 0, 0, 500, 0, 0, 0, 0, 0, 0, 0, '', '', '', '', 0, 0, 0, 0, 0, 0, 0, 0, 0, 0, 0, 'Mattermancer', 'ac482f79-0a10-11e4-931b-6cf049edc9ce'),
	(90083, 74, 214, 'Tremor', 'Damages the target.', 'Enemy', 0, 0, 0, 69, 14, 'DirectDamage', 0, 0, 0, 0, 500, 0, 0, 0, 0, 0, 0, 0, '', '', '', '', 0, 0, 0, 0, 0, 0, 0, 0, 0, 0, 0, 'Mattermancer', 'ac4830dd-0a10-11e4-931b-6cf049edc9ce'),
	(90084, 75, 215, 'Major Tremor', 'Damages the target.', 'Enemy', 0, 0, 0, 85, 14, 'DirectDamage', 0, 0, 0, 0, 500, 0, 0, 0, 0, 0, 0, 0, '', '', '', '', 0, 0, 0, 0, 0, 0, 0, 0, 0, 0, 0, 'Mattermancer', 'ac483241-0a10-11e4-931b-6cf049edc9ce'),
	(90085, 76, 216, 'Minor Quake', 'Damages the target.', 'Enemy', 0, 0, 0, 98, 14, 'DirectDamage', 0, 0, 0, 0, 500, 0, 0, 0, 0, 0, 0, 0, '', '', '', '', 0, 0, 0, 0, 0, 0, 0, 0, 0, 0, 0, 'Mattermancer', 'ac4833a9-0a10-11e4-931b-6cf049edc9ce'),
	(90086, 77, 217, 'Quake', 'Damages the target.', 'Enemy', 0, 0, 0, 160, 14, 'DirectDamage', 0, 0, 0, 0, 500, 0, 0, 0, 0, 0, 0, 0, '', '', '', '', 0, 0, 0, 0, 0, 0, 0, 0, 0, 0, 0, 'Mattermancer', 'ac483517-0a10-11e4-931b-6cf049edc9ce'),
	(90087, 77, 218, 'Major Quake', 'Damages the target.', 'Enemy', 0, 0, 0, 132, 14, 'DirectDamage', 0, 0, 0, 0, 500, 0, 0, 0, 0, 0, 0, 0, '', '', '', '', 0, 0, 0, 0, 0, 0, 0, 0, 0, 0, 0, 'Mattermancer', 'ac483682-0a10-11e4-931b-6cf049edc9ce'),
	(90088, 77, 219, 'Earthquake', 'Damages the target.', 'Enemy', 0, 0, 0, 200, 14, 'DirectDamage', 0, 0, 0, 0, 500, 0, 0, 0, 0, 0, 0, 0, '', '', '', '', 0, 0, 0, 0, 0, 0, 0, 0, 0, 0, 0, 'Mattermancer', 'ac48381f-0a10-11e4-931b-6cf049edc9ce'),
	(90178, 228, 228, 'Weakening Zephyr', 'Lowers resistance to the spell\'s type.', 'Enemy', 1500, 0, 0, 0, 11, 'ColdResistDebuff', 20, 0, 0, 0, 0, 0, 0, 0, 25, 0, 0, 0, 'Your defences lower!', '{0} is more vulnerable!', '', '', 0, 0, NULL, NULL, NULL, NULL, 0, 0, NULL, NULL, NULL, 'Mattermancer', 'ac483eb8-0a10-11e4-931b-6cf049edc9ce'),
	(90134, 15, 11229, 'Element: Stone Wrap', 'Elemental power of protection', 'Self', 0, 0, 0, 0, 14, 'Spell Element', 65535, 0, 0, 0, 0, 0, 0, 0, 90015, 0, 10, 50, '', '', '', '', 0, 0, NULL, NULL, NULL, NULL, 0, 0, NULL, NULL, NULL, 'Mattermancer', 'ac4841f7-0a10-11e4-931b-6cf049edc9ce'),
	(90143, 3364, 3364, 'Refreshing Wind', 'Target regenerates power regeneration during the duration of the spell.', 'Self', 0, 0, 0, 0, 0, 'PowerRegenBuff', 50, 0, 0, 0, 0, 0, 0, 0, 18, 0, 0, 0, 'You feel more at ease.', '{0} looks calmer.', 'Your serenity fades.', '{0}\'s serenity fades.', 0, 0, NULL, NULL, NULL, 0, 0, 0, NULL, NULL, NULL, 'Mattermancer', 'ac484dc6-0a10-11e4-931b-6cf049edc9ce'),
	(90010, 3010, 3010, 'Heal', 'Heals the target.', 'Realm', 0, 0, 0, 0, 0, 'Heal', 0, 0, 0, 0, 400, 0, 0, 0, 60, 0, 0, 0, '', '', '', '', 0, 130, NULL, NULL, NULL, NULL, 0, 0, NULL, NULL, NULL, 'Mattermancer', 'ac4853db-0a10-11e4-931b-6cf049edc9ce'),
	(90008, 3008, 3008, 'Heal', 'Heals the target.', 'Realm', 0, 0, 0, 0, 0, 'Heal', 0, 0, 0, 0, 400, 0, 0, 0, 37, 0, 0, 0, '', '', '', '', 0, 130, NULL, NULL, NULL, NULL, 0, 0, NULL, NULL, NULL, 'Mattermancer', 'ac487081-0a10-11e4-931b-6cf049edc9ce'),
	(90011, 11225, 11225, 'Stone Padding', 'Adds to the target\'s absorption (ABS) factor, resulting in better protection against melee attacks.', 'Self', 0, 0, 0, 0, 0, 'ArmorAbsorptionBuff', 4, 0, 0, 0, 0, 0, 0, 0, 30, 0, 0, 0, '', '', '', '', 0, 0, 9, NULL, 0, 0, 0, 0, NULL, NULL, NULL, 'Mattermancer', 'ac488065-0a10-11e4-931b-6cf049edc9ce'),
	(90112, 2511, 2511, 'Obsidian Strike', 'Damages the target. After casting the spell, the caster may allow it to charge; releasing a charged spell results in more damage, and a higher chance to cast secondary elemental effects. Damage calculation uses the elemental spell\'s specialisation.', 'Enemy', 1500, 33, 2.6, 179.5, 14, 'ChargingDD', 0, 10, 0, 8, 0, 0, 0, 0, 1.5, 0, 250, 0, '', '', '', '', 0, 0, NULL, NULL, NULL, NULL, 0, 0, NULL, NULL, NULL, 'Mattermancer', 'ac4887e9-0a10-11e4-931b-6cf049edc9ce'),
	(90120, 3007, 3007, 'Element: Improved Mend', 'Elemental power of healing', 'Self', 0, 0, 0, 0, 15, 'Spell Element', 65535, 0, 0, 0, 0, 0, 0, 0, 90008, 0, 30, 75, '', '', '', '', 0, 0, NULL, NULL, NULL, NULL, 0, 0, NULL, NULL, NULL, 'Mattermancer', 'ac489d9d-0a10-11e4-931b-6cf049edc9ce'),
	(90136, 17, 11231, 'Element: Stone Cloak', 'Elemental power of protection', 'Self', 0, 0, 0, 0, 14, 'Spell Element', 65535, 0, 0, 0, 0, 0, 0, 0, 90017, 0, 10, 50, '', '', '', '', 0, 0, NULL, NULL, NULL, NULL, 0, 0, NULL, NULL, NULL, 'Mattermancer', 'ac48a0ed-0a10-11e4-931b-6cf049edc9ce'),
	(90105, 2505, 2505, 'Minor Gloom Blast', 'Damages the target. After casting the spell, the caster may allow it to charge; releasing a charged spell results in more damage, and a higher chance to cast secondary elemental effects. Damage calculation uses the elemental spell\'s specialisation.', 'Enemy', 1500, 5, 2.6, 33.2, 14, 'ChargingDD', 0, 10, 0, 2, 0, 0, 0, 0, 1.4, 0, 250, 0, '', '', '', '', 0, 0, NULL, NULL, NULL, NULL, 0, 0, NULL, NULL, NULL, 'Mattermancer', 'ac48ab01-0a10-11e4-931b-6cf049edc9ce'),
	(90133, 14, 11228, 'Element: Stone Cover', 'Elemental power of protection', 'Self', 0, 0, 0, 0, 14, 'Spell Element', 65535, 0, 0, 0, 0, 0, 0, 0, 90014, 0, 10, 50, '', '', '', '', 0, 0, NULL, NULL, NULL, NULL, 0, 0, NULL, NULL, NULL, 'Mattermancer', 'ac48b2d4-0a10-11e4-931b-6cf049edc9ce'),
	(90109, 2509, 2509, 'Greater Murk Blast', 'Damages the target. After casting the spell, the caster may allow it to charge; releasing a charged spell results in more damage, and a higher chance to cast secondary elemental effects. Damage calculation uses the elemental spell\'s specialisation.', 'Enemy', 1500, 16, 2.6, 96.2, 14, 'ChargingDD', 0, 10, 0, 5, 0, 0, 0, 0, 1.5, 0, 250, 0, '', '', '', '', 0, 0, NULL, NULL, NULL, NULL, 0, 0, NULL, NULL, NULL, 'Mattermancer', 'ac48b501-0a10-11e4-931b-6cf049edc9ce'),
	(90001, 3001, 3001, 'Heal', 'Heals the target.', 'Realm', 0, 0, 0, 0, 0, 'Heal', 0, 0, 0, 0, 400, 0, 0, 0, 3, 0, 0, 0, '', '', '', '', 0, 130, NULL, NULL, NULL, NULL, 0, 0, NULL, NULL, NULL, 'Mattermancer', 'ac48b77e-0a10-11e4-931b-6cf049edc9ce'),
	(90016, 11230, 11230, 'Stone Sheet', 'Adds to the target\'s absorption (ABS) factor, resulting in better protection against melee attacks.', 'Self', 0, 0, 0, 0, 0, 'ArmorAbsorptionBuff', 4, 0, 0, 0, 0, 0, 0, 0, 52, 0, 0, 0, '', '', '', '', 0, 0, 9, NULL, 0, 0, 0, 0, NULL, NULL, NULL, 'Mattermancer', 'ac48ca2b-0a10-11e4-931b-6cf049edc9ce'),
	(90140, 3361, 3361, 'Calming Breeze', 'Target regenerates power regeneration during the duration of the spell.', 'Self', 0, 0, 0, 0, 0, 'PowerRegenBuff', 50, 0, 0, 0, 0, 0, 0, 0, 4, 0, 0, 0, 'You feel more at ease.', '{0} looks calmer.', 'Your serenity fades.', '{0}\'s serenity fades.', 0, 0, NULL, NULL, NULL, 0, 0, 0, NULL, NULL, NULL, 'Mattermancer', 'ac48d264-0a10-11e4-931b-6cf049edc9ce'),
	(90021, 472, 2702, 'Element: Slowing Gust', 'Air impedes your enemies.', 'Self', 0, 0, 0, 0, 11, 'Spell Element', 65535, 0, 0, 0, 0, 0, 0, 0, 90031, 0, 20, 60, '', '', '', '', 0, 0, NULL, NULL, NULL, NULL, 0, 0, NULL, NULL, NULL, 'Mattermancer', 'ac48d502-0a10-11e4-931b-6cf049edc9ce'),
	(90031, 472, 2702, 'Slowing Gust', 'Target\'s speed is decreased.', 'Enemy', 1500, 0, 0, 0, 11, 'UnbreakableSpeedDecrease', 3, 0, 0, 0, 0, 0, 0, 0, 65, 0, 0, 0, 'Wind resists your motion!', '{0}\'s motion is impeded!', NULL, NULL, NULL, NULL, 2857, NULL, NULL, NULL, NULL, NULL, NULL, NULL, NULL, 'Mattermancer', 'ac48d6bc-0a10-11e4-931b-6cf049edc9ce'),
	(90115, 3002, 3002, 'Element: Minor Heal', 'Elemental power of healing', 'Self', 0, 0, 0, 0, 15, 'Spell Element', 65535, 0, 0, 0, 0, 0, 0, 0, 90001, 0, 30, 75, '', '', '', '', 0, 0, NULL, NULL, NULL, NULL, 0, 0, NULL, NULL, NULL, 'Mattermancer', 'ac48df8d-0a10-11e4-931b-6cf049edc9ce'),
	(90135, 16, 11230, 'Element: Stone Sheet', 'Elemental power of protection', 'Self', 0, 0, 0, 0, 14, 'Spell Element', 65535, 0, 0, 0, 0, 0, 0, 0, 90016, 0, 10, 50, '', '', '', '', 0, 0, NULL, NULL, NULL, NULL, 0, 0, NULL, NULL, NULL, 'Mattermancer', 'ac48e1ad-0a10-11e4-931b-6cf049edc9ce'),
	(90173, 223, 223, 'Weakening Breeze', 'Lowers resistance to the spell\'s type.', 'Enemy', 1500, 0, 0, 0, 11, 'ColdResistDebuff', 20, 0, 0, 0, 0, 0, 0, 0, 12, 0, 0, 0, 'Your defences lower!', '{0} is more vulnerable!', '', '', 0, 0, NULL, NULL, NULL, NULL, 0, 0, NULL, NULL, NULL, 'Mattermancer', 'ac48e4d2-0a10-11e4-931b-6cf049edc9ce'),
	(90106, 2506, 2506, 'Gloom Blast', 'Damages the target. After casting the spell, the caster may allow it to charge; releasing a charged spell results in more damage, and a higher chance to cast secondary elemental effects. Damage calculation uses the elemental spell\'s specialisation.', 'Enemy', 1500, 8, 2.6, 45.1, 14, 'ChargingDD', 0, 10, 0, 3, 0, 0, 0, 0, 1.5, 0, 250, 0, '', '', '', '', 0, 0, NULL, NULL, NULL, NULL, 0, 0, NULL, NULL, NULL, 'Mattermancer', 'ac48e95f-0a10-11e4-931b-6cf049edc9ce'),
	(90023, 474, 2705, 'Element: Slowing Wind', 'Air impedes your enemies.', 'Self', 0, 0, 0, 0, 11, 'Spell Element', 65535, 0, 0, 0, 0, 0, 0, 0, 90033, 0, 40, 80, '', '', '', '', 0, 0, NULL, NULL, NULL, NULL, 0, 0, NULL, NULL, NULL, 'Mattermancer', 'ac48eca8-0a10-11e4-931b-6cf049edc9ce'),
	(90003, 3003, 3003, 'Heal', 'Heals the target.', 'Realm', 0, 0, 0, 0, 0, 'Heal', 0, 0, 0, 0, 400, 0, 0, 0, 9, 0, 0, 0, '', '', '', '', 0, 130, NULL, NULL, NULL, NULL, 0, 0, NULL, NULL, NULL, 'Mattermancer', 'ac48f62e-0a10-11e4-931b-6cf049edc9ce'),
	(90041, 361, 361, 'Element: Blast!', 'Elemental power of explosions.', 'Self', 0, 0, 0, 0, 13, 'Spell Element', 65535, 0, 0, 0, 0, 0, 0, 0, 90051, 0, 30, 70, '', '', '', '', 0, 0, NULL, NULL, NULL, NULL, NULL, NULL, NULL, NULL, NULL, 'Mattermancer', 'ac48f7db-0a10-11e4-931b-6cf049edc9ce'),
	(90152, 2662, 2662, 'Lesser Magic Shield', 'Adds to the recipient\'s Armor Factor (AF) resulting in better protection againts some forms of attack. It acts in addition to any armor the target is wearing.', 'Self', 0, 3, 3, 0, 0, 'ArmorFactorBuff', 1200, 0, 0, 0, 0, 0, 0, 0, 27, 0, 0, 0, 'A shield surrounds you.', '', '', '', 0, 1, 1, NULL, 1, 1, 0, 0, NULL, NULL, NULL, 'Mattermancer', 'ac48fcb4-0a10-11e4-931b-6cf049edc9ce'),
	(90103, 2503, 2503, 'Major Dusk Dart', 'Damages the target. After casting the spell, the caster may allow it to charge; releasing a charged spell results in more damage, and a higher chance to cast secondary elemental effects. Damage calculation uses the elemental spell\'s specialisation.', 'Enemy', 1500, 3, 2.6, 13.6, 14, 'ChargingDD', 0, 10, 0, 1, 0, 0, 0, 0, 1.4, 0, 250, 0, '', '', '', '', 0, 0, NULL, NULL, NULL, NULL, 0, 0, NULL, NULL, NULL, 'Mattermancer', 'ac490252-0a10-11e4-931b-6cf049edc9ce'),
	(90013, 11227, 11227, 'Stone Buffer', 'Adds to the target\'s absorption (ABS) factor, resulting in better protection against melee attacks.', 'Self', 0, 0, 0, 0, 0, 'ArmorAbsorptionBuff', 4, 0, 0, 0, 0, 0, 0, 0, 42, 0, 0, 0, '', '', '', '', 0, 0, 9, NULL, 0, 0, 0, 0, NULL, NULL, NULL, 'Mattermancer', 'ac490525-0a10-11e4-931b-6cf049edc9ce'),
	(90161, 3608, 3608, 'Flee', 'The movement speed of the target is increased.', 'Self', 0, 0, 0, 0, 0, 'SpeedEnhancement', 8, 0, 0, 0, 0, 0, 0, 0, 159, 0, 0, 0, '', '', '', '', 0, 0, 10, NULL, NULL, NULL, 0, 0, NULL, NULL, NULL, 'Mattermancer', 'ac490868-0a10-11e4-931b-6cf049edc9ce'),
	(90141, 3362, 3362, 'Calming Winds', 'Target regenerates power regeneration during the duration of the spell.', 'Self', 0, 0, 0, 0, 0, 'PowerRegenBuff', 50, 0, 0, 0, 0, 0, 0, 0, 9, 0, 0, 0, 'You feel more at ease.', '{0} looks calmer.', 'Your serenity fades.', '{0}\'s serenity fades.', 0, 0, NULL, NULL, NULL, 0, 0, 0, NULL, NULL, NULL, 'Mattermancer', 'ac490a53-0a10-11e4-931b-6cf049edc9ce'),
	(90116, 3003, 3003, 'Element: Minor Mend', 'Elemental power of healing', 'Self', 0, 0, 0, 0, 15, 'Spell Element', 65535, 0, 0, 0, 0, 0, 0, 0, 90002, 0, 30, 75, '', '', '', '', 0, 0, NULL, NULL, NULL, NULL, 0, 0, NULL, NULL, NULL, 'Mattermancer', 'ac491153-0a10-11e4-931b-6cf049edc9ce'),
	(90056, 366, 366, 'Kaboom!', 'Damages the target.', 'Enemy', 1500, 0, 0, 87, 13, 'DirectDamage', 0, 0, 0, 0, 350, 0, 0, 0, 0, 0, 0, 0, '', '', '', '', 0, 0, NULL, NULL, NULL, NULL, 0, 0, NULL, NULL, NULL, 'Mattermancer', 'ac491961-0a10-11e4-931b-6cf049edc9ce'),
	(90144, 3365, 3365, 'ULTIMATE RELAXATION', 'Target regenerates power regeneration during the duration of the spell.', 'Self', 0, 0, 0, 0, 0, 'PowerRegenBuff', 50, 0, 0, 0, 0, 0, 0, 0, 25, 0, 0, 0, 'You feel more at ease.', '{0} looks calmer.', 'Your serenity fades.', '{0}\'s serenity fades.', 0, 0, NULL, NULL, NULL, 0, 0, 0, NULL, NULL, NULL, 'Mattermancer', 'ac491ae0-0a10-11e4-931b-6cf049edc9ce'),
	(90055, 365, 365, 'Boom!', 'Damages the target.', 'Enemy', 1500, 0, 0, 67, 13, 'DirectDamage', 0, 0, 0, 0, 350, 0, 0, 0, 0, 0, 0, 0, '', '', '', '', 0, 0, NULL, NULL, NULL, NULL, 0, 0, NULL, NULL, NULL, 'Mattermancer', 'ac49239d-0a10-11e4-931b-6cf049edc9ce'),
	(90053, 363, 363, 'Bang!', 'Damages the target.', 'Enemy', 1500, 0, 0, 28, 13, 'DirectDamage', 0, 0, 0, 0, 350, 0, 0, 0, 0, 0, 0, 0, '', '', '', '', 0, 0, NULL, NULL, NULL, NULL, 0, 0, NULL, NULL, NULL, 'Mattermancer', 'ac4928ef-0a10-11e4-931b-6cf049edc9ce'),
	(90015, 11229, 11229, 'Stone Wrap', 'Adds to the target\'s absorption (ABS) factor, resulting in better protection against melee attacks.', 'Self', 0, 0, 0, 0, 0, 'ArmorAbsorptionBuff', 4, 0, 0, 0, 0, 0, 0, 0, 58, 0, 0, 0, '', '', '', '', 0, 0, 9, NULL, 0, 0, 0, 0, NULL, NULL, NULL, 'Mattermancer', 'ac493080-0a10-11e4-931b-6cf049edc9ce'),
	(90176, 226, 226, 'Weakening Current', 'Lowers resistance to the spell\'s type.', 'Enemy', 1500, 0, 0, 0, 11, 'ColdResistDebuff', 20, 0, 0, 0, 0, 0, 0, 0, 18, 0, 0, 0, 'Your defences lower!', '{0} is more vulnerable!', '', '', 0, 0, NULL, NULL, NULL, NULL, 0, 0, NULL, NULL, NULL, 'Mattermancer', 'ac4937b4-0a10-11e4-931b-6cf049edc9ce'),
	(90054, 364, 364, 'Explode!', 'Damages the target.', 'Enemy', 1500, 0, 0, 44, 13, 'DirectDamage', 0, 0, 0, 0, 350, 0, 0, 0, 0, 0, 0, 0, '', '', '', '', 0, 0, NULL, NULL, NULL, NULL, 0, 0, NULL, NULL, NULL, 'Mattermancer', 'ac493e36-0a10-11e4-931b-6cf049edc9ce'),
	(90132, 13, 11227, 'Element: Stone Buffer', 'Elemental power of protection', 'Self', 0, 0, 0, 0, 14, 'Spell Element', 65535, 0, 0, 0, 0, 0, 0, 0, 90013, 0, 10, 50, '', '', '', '', 0, 0, NULL, NULL, NULL, NULL, 0, 0, NULL, NULL, NULL, 'Mattermancer', 'ac494477-0a10-11e4-931b-6cf049edc9ce'),
	(90154, 2664, 2664, 'Major Magic Shield', 'Adds to the recipient\'s Armor Factor (AF) resulting in better protection againts some forms of attack. It acts in addition to any armor the target is wearing.', 'Self', 0, 6, 3, 0, 0, 'ArmorFactorBuff', 1200, 0, 0, 0, 0, 0, 0, 0, 56, 0, 0, 0, 'A shield surrounds you.', '', '', '', 0, 1, 1, NULL, 1, 1, 0, 0, NULL, NULL, NULL, 'Mattermancer', 'ac494f75-0a10-11e4-931b-6cf049edc9ce'),
	(90151, 2661, 2661, 'Minor Magic Shield', 'Adds to the recipient\'s Armor Factor (AF) resulting in better protection againts some forms of attack. It acts in addition to any armor the target is wearing.', 'Self', 0, 2, 3, 0, 0, 'ArmorFactorBuff', 1200, 0, 0, 0, 0, 0, 0, 0, 17, 0, 0, 0, 'A shield surrounds you.', '', '', '', 0, 1, 1, NULL, 1, 1, 0, 0, NULL, NULL, NULL, 'Mattermancer', 'ac4951a6-0a10-11e4-931b-6cf049edc9ce'),
	(90020, 471, 2701, 'Element: Slowing Breeze', 'Air impedes your enemies.', 'Self', 0, 0, 0, 0, 11, 'Spell Element', 65535, 0, 0, 0, 0, 0, 0, 0, 90030, 0, 10, 50, '', '', '', '', 0, 0, NULL, NULL, NULL, NULL, 0, 0, NULL, NULL, NULL, 'Mattermancer', 'ac495769-0a10-11e4-931b-6cf049edc9ce'),
	(90165, 3612, 3612, 'Chase', 'The movement speed of the target is increased.', 'Self', 0, 0, 0, 0, 0, 'SpeedEnhancement', 8, 0, 0, 0, 0, 0, 0, 0, 250, 0, 0, 0, '', '', '', '', 0, 0, 10, NULL, NULL, NULL, 0, 0, NULL, NULL, NULL, 'Mattermancer', 'ac496068-0a10-11e4-931b-6cf049edc9ce'),
	(90052, 362, 362, 'Ping!', 'Damages the target.', 'Enemy', 1500, 0, 0, 20, 13, 'DirectDamage', 0, 0, 0, 0, 350, 0, 0, 0, 0, 0, 0, 0, '', '', '', '', 0, 0, NULL, NULL, NULL, NULL, 0, 0, NULL, NULL, NULL, 'Mattermancer', 'ac49648b-0a10-11e4-931b-6cf049edc9ce'),
	(90162, 3609, 3609, 'Run', 'The movement speed of the target is increased.', 'Self', 0, 0, 0, 0, 0, 'SpeedEnhancement', 8, 0, 0, 0, 0, 0, 0, 0, 174, 0, 0, 0, '', '', '', '', 0, 0, 10, NULL, NULL, NULL, 0, 0, NULL, NULL, NULL, 'Mattermancer', 'ac4967ba-0a10-11e4-931b-6cf049edc9ce'),
	(90117, 3004, 3004, 'Element: Heal', 'Elemental power of healing', 'Self', 0, 0, 0, 0, 15, 'Spell Element', 65535, 0, 0, 0, 0, 0, 0, 0, 90004, 0, 30, 75, '', '', '', '', 0, 0, NULL, NULL, NULL, NULL, 0, 0, NULL, NULL, NULL, 'Mattermancer', 'ac496d5f-0a10-11e4-931b-6cf049edc9ce'),
	(90004, 3004, 3004, 'Heal', 'Heals the target.', 'Realm', 0, 0, 0, 0, 0, 'Heal', 0, 0, 0, 0, 400, 0, 0, 0, 12, 0, 0, 0, '', '', '', '', 0, 130, NULL, NULL, NULL, NULL, 0, 0, NULL, NULL, NULL, 'Mattermancer', 'ac496ef5-0a10-11e4-931b-6cf049edc9ce'),
	(90110, 2510, 2510, 'Shadow Blast', 'Damages the target. After casting the spell, the caster may allow it to charge; releasing a charged spell results in more damage, and a higher chance to cast secondary elemental effects. Damage calculation uses the elemental spell\'s specialisation.', 'Enemy', 1500, 21, 2.6, 120, 14, 'ChargingDD', 0, 10, 0, 6, 0, 0, 0, 0, 1.5, 0, 250, 0, '', '', '', '', 0, 0, NULL, NULL, NULL, NULL, 0, 0, NULL, NULL, NULL, 'Mattermancer', 'ac4971db-0a10-11e4-931b-6cf049edc9ce'),
	(90159, 2669, 2669, 'Major Suppressive Barrier', 'Adds to the recipient\'s Armor Factor (AF) resulting in better protection againts some forms of attack. It acts in addition to any armor the target is wearing.', 'Self', 0, 27, 3, 0, 0, 'ArmorFactorBuff', 1200, 0, 0, 0, 0, 0, 0, 0, 211, 0, 0, 0, 'A shield surrounds you.', '', '', '', 0, 1, 1, NULL, 1, 1, 0, 0, NULL, NULL, NULL, 'Mattermancer', 'ac49781b-0a10-11e4-931b-6cf049edc9ce'),
	(90002, 3002, 3002, 'Heal', 'Heals the target.', 'Realm', 0, 0, 0, 0, 0, 'Heal', 0, 0, 0, 0, 400, 0, 0, 0, 6, 0, 0, 0, '', '', '', '', 0, 130, NULL, NULL, NULL, NULL, 0, 0, NULL, NULL, NULL, 'Mattermancer', 'ac4979c2-0a10-11e4-931b-6cf049edc9ce'),
	(90131, 12, 11226, 'Element: Stone Coat', 'Elemental power of protection', 'Self', 0, 0, 0, 0, 14, 'Spell Element', 65535, 0, 0, 0, 0, 0, 0, 0, 90012, 0, 10, 50, '', '', '', '', 0, 0, NULL, NULL, NULL, NULL, 0, 0, NULL, NULL, NULL, 'Mattermancer', 'ac49821f-0a10-11e4-931b-6cf049edc9ce'),
	(90012, 11226, 11226, 'Stone Coat', 'Adds to the target\'s absorption (ABS) factor, resulting in better protection against melee attacks.', 'Self', 0, 0, 0, 0, 0, 'ArmorAbsorptionBuff', 4, 0, 0, 0, 0, 0, 0, 0, 38, 0, 0, 0, '', '', '', '', 0, 0, 9, NULL, 0, 0, 0, 0, NULL, NULL, NULL, 'Mattermancer', 'ac498443-0a10-11e4-931b-6cf049edc9ce'),
	(90158, 2668, 2668, 'Greater Suppressive Barrier', 'Adds to the recipient\'s Armor Factor (AF) resulting in better protection againts some forms of attack. It acts in addition to any armor the target is wearing.', 'Self', 0, 20, 3, 0, 0, 'ArmorFactorBuff', 1200, 0, 0, 0, 0, 0, 0, 0, 162, 0, 0, 0, 'A shield surrounds you.', '', '', '', 0, 1, 1, NULL, 1, 1, 0, 0, NULL, NULL, NULL, 'Mattermancer', 'ac498bfe-0a10-11e4-931b-6cf049edc9ce'),
	(90051, 361, 361, 'Blast!', 'Damages the target.', 'Enemy', 1500, 0, 0, 8, 13, 'DirectDamage', 0, 0, 0, 0, 350, 0, 0, 0, 0, 0, 0, 0, '', '', '', '', 0, 0, NULL, NULL, NULL, NULL, 0, 0, NULL, NULL, NULL, 'Mattermancer', 'ac499161-0a10-11e4-931b-6cf049edc9ce'),
	(90171, 221, 221, 'Weakening Waft', 'Lowers resistance to the spell\'s type.', 'Enemy', 1500, 0, 0, 0, 11, 'ColdResistDebuff', 20, 0, 0, 0, 0, 0, 0, 0, 5, 0, 0, 0, 'Your defences lower!', '{0} is more vulnerable!', '', '', 0, 0, NULL, NULL, NULL, NULL, 0, 0, NULL, NULL, NULL, 'Mattermancer', 'ac49930e-0a10-11e4-931b-6cf049edc9ce'),
	(90155, 2665, 2665, 'Greater Magic Shield', 'Adds to the recipient\'s Armor Factor (AF) resulting in better protection againts some forms of attack. It acts in addition to any armor the target is wearing.', 'Self', 0, 9, 3, 0, 0, 'ArmorFactorBuff', 1200, 0, 0, 0, 0, 0, 0, 0, 75, 0, 0, 0, 'A shield surrounds you.', '', '', '', 0, 1, 1, NULL, 1, 1, 0, 0, NULL, NULL, NULL, 'Mattermancer', 'ac499d47-0a10-11e4-931b-6cf049edc9ce'),
	(90058, 368, 368, 'Kersplosion!', 'Damages the target.', 'Enemy', 1500, 0, 0, 158, 13, 'DirectDamage', 0, 0, 0, 0, 350, 0, 0, 0, 0, 0, 0, 0, '', '', '', '', 0, 0, NULL, NULL, NULL, NULL, 0, 0, NULL, NULL, NULL, 'Mattermancer', 'ac499f3c-0a10-11e4-931b-6cf049edc9ce'),
	(90172, 222, 222, 'Weakening Wind', 'Lowers resistance to the spell\'s type.', 'Enemy', 1500, 0, 0, 0, 11, 'ColdResistDebuff', 20, 0, 0, 0, 0, 0, 0, 0, 8, 0, 0, 0, 'Your defences lower!', '{0} is more vulnerable!', '', '', 0, 0, NULL, NULL, NULL, NULL, 0, 0, NULL, NULL, NULL, 'Mattermancer', 'ac49a26b-0a10-11e4-931b-6cf049edc9ce'),
	(90101, 2501, 2501, 'Minor Dusk Dart', 'Damages the target. After casting the spell, the caster may allow it to charge; releasing a charged spell results in more damage, and a higher chance to cast secondary elemental effects. Damage calculation uses the elemental spell\'s specialisation.', 'Enemy', 1500, 2, 2.6, 5.2, 14, 'ChargingDD', 0, 10, 0, 1, 0, 0, 0, 0, 1.4, 0, 250, 0, '', '', '', '', 0, 0, NULL, NULL, NULL, NULL, 0, 0, NULL, NULL, NULL, 'Mattermancer', 'ac49b0ff-0a10-11e4-931b-6cf049edc9ce'),
	(90025, 476, 2709, 'Element: Slowing Hurricane', 'Air impedes your enemies.', 'Self', 0, 0, 0, 0, 11, 'Spell Element', 65535, 0, 0, 0, 0, 0, 0, 0, 90035, 0, 60, 100, '', '', '', '', 0, 0, NULL, NULL, NULL, NULL, 0, 0, NULL, NULL, NULL, 'Mattermancer', 'ac49b483-0a10-11e4-931b-6cf049edc9ce'),
	(90032, 473, 2703, 'Slowing Gale', 'Target\'s speed is decreased.', 'Enemy', 1500, 0, 0, 0, 11, 'UnbreakableSpeedDecrease', 3, 0, 0, 0, 0, 0, 0, 0, 70, 0, 0, 0, 'Wind resists your motion!', '{0}\'s motion is impeded!', NULL, NULL, NULL, NULL, 2857, NULL, NULL, NULL, NULL, NULL, NULL, NULL, NULL, 'Mattermancer', 'ac49b644-0a10-11e4-931b-6cf049edc9ce'),
	(90156, 2666, 2666, 'Superior Magic Shield', 'Adds to the recipient\'s Armor Factor (AF) resulting in better protection againts some forms of attack. It acts in addition to any armor the target is wearing.', 'Self', 0, 11, 3, 0, 0, 'ArmorFactorBuff', 1200, 0, 0, 0, 0, 0, 0, 0, 95, 0, 0, 0, 'A shield surrounds you.', '', '', '', 0, 1, 1, NULL, 1, 1, 0, 0, NULL, NULL, NULL, 'Mattermancer', 'ac49ba64-0a10-11e4-931b-6cf049edc9ce'),
	(90006, 3006, 3006, 'Heal', 'Heals the target.', 'Realm', 0, 0, 0, 0, 0, 'Heal', 0, 0, 0, 0, 400, 0, 0, 0, 26, 0, 0, 0, '', '', '', '', 0, 130, NULL, NULL, NULL, NULL, 0, 0, NULL, NULL, NULL, 'Mattermancer', 'ac49c2e5-0a10-11e4-931b-6cf049edc9ce'),
	(90118, 3005, 3005, 'Element: Mend', 'Elemental power of healing', 'Self', 0, 0, 0, 0, 15, 'Spell Element', 65535, 0, 0, 0, 0, 0, 0, 0, 90005, 0, 30, 75, '', '', '', '', 0, 0, NULL, NULL, NULL, NULL, 0, 0, NULL, NULL, NULL, 'Mattermancer', 'ac49c5a4-0a10-11e4-931b-6cf049edc9ce'),
	(90024, 475, 2707, 'Element: Slowing Storm', 'Air impedes your enemies.', 'Self', 0, 0, 0, 0, 11, 'Spell Element', 65535, 0, 0, 0, 0, 0, 0, 0, 90034, 0, 50, 90, '', '', '', '', 0, 0, NULL, NULL, NULL, NULL, 0, 0, NULL, NULL, NULL, 'Mattermancer', 'ac49dcd7-0a10-11e4-931b-6cf049edc9ce'),
	(90030, 471, 2701, 'Slowing Breeze', 'Target\'s speed is decreased.', 'Enemy', 1500, 0, 0, 0, 11, 'UnbreakableSpeedDecrease', 3, 0, 0, 0, 0, 0, 0, 0, 60, 0, 0, 0, 'Wind resists your motion!', '{0}\'s motion is impeded!', NULL, NULL, NULL, NULL, 2857, NULL, NULL, NULL, NULL, NULL, NULL, NULL, NULL, 'Mattermancer', 'ac49df15-0a10-11e4-931b-6cf049edc9ce'),
	(90057, 367, 367, 'Explosion!', 'Damages the target.', 'Enemy', 1500, 0, 0, 115, 13, 'DirectDamage', 0, 0, 0, 0, 350, 0, 0, 0, 0, 0, 0, 0, '', '', '', '', 0, 0, NULL, NULL, NULL, NULL, 0, 0, NULL, NULL, NULL, 'Mattermancer', 'ac49e205-0a10-11e4-931b-6cf049edc9ce'),
	(90142, 3363, 3363, 'Refreshing Breeze', 'Target regenerates power regeneration during the duration of the spell.', 'Self', 0, 0, 0, 0, 0, 'PowerRegenBuff', 50, 0, 0, 0, 0, 0, 0, 0, 13, 0, 0, 0, 'You feel more at ease.', '{0} looks calmer.', 'Your serenity fades.', '{0}\'s serenity fades.', 0, 0, NULL, NULL, NULL, 0, 0, 0, NULL, NULL, NULL, 'Mattermancer', 'ac49e5b2-0a10-11e4-931b-6cf049edc9ce'),
	(90175, 225, 225, 'Weakening Gust', 'Lowers resistance to the spell\'s type.', 'Enemy', 1500, 0, 0, 0, 11, 'ColdResistDebuff', 20, 0, 0, 0, 0, 0, 0, 0, 16, 0, 0, 0, 'Your defences lower!', '{0} is more vulnerable!', '', '', 0, 0, NULL, NULL, NULL, NULL, 0, 0, NULL, NULL, NULL, 'Mattermancer', 'ac49ec80-0a10-11e4-931b-6cf049edc9ce'),
	(90111, 2511, 2511, 'Greater Shadow Blast', 'Damages the target. After casting the spell, the caster may allow it to charge; releasing a charged spell results in more damage, and a higher chance to cast secondary elemental effects. Damage calculation uses the elemental spell\'s specialisation.', 'Enemy', 1500, 27, 2.6, 155.7, 14, 'ChargingDD', 0, 10, 0, 7, 0, 0, 0, 0, 1.5, 0, 250, 0, '', '', '', '', 0, 0, NULL, NULL, NULL, NULL, 0, 0, NULL, NULL, NULL, 'Mattermancer', 'ac49f6bb-0a10-11e4-931b-6cf049edc9ce'),
	(90014, 11228, 11228, 'Stone Cover', 'Adds to the target\'s absorption (ABS) factor, resulting in better protection against melee attacks.', 'Self', 0, 0, 0, 0, 0, 'ArmorAbsorptionBuff', 4, 0, 0, 0, 0, 0, 0, 0, 45, 0, 0, 0, '', '', '', '', 0, 0, 9, NULL, 0, 0, 0, 0, NULL, NULL, NULL, 'Mattermancer', 'ac49ff6f-0a10-11e4-931b-6cf049edc9ce'),
	(90104, 2504, 2504, 'Greater Dusk Dart', 'Damages the target. After casting the spell, the caster may allow it to charge; releasing a charged spell results in more damage, and a higher chance to cast secondary elemental effects. Damage calculation uses the elemental spell\'s specialisation.', 'Enemy', 1500, 4, 2.6, 21.3, 14, 'ChargingDD', 0, 10, 0, 2, 0, 0, 0, 0, 1.4, 0, 250, 0, '', '', '', '', 0, 0, NULL, NULL, NULL, NULL, 0, 0, NULL, NULL, NULL, 'Mattermancer', 'ac4a0429-0a10-11e4-931b-6cf049edc9ce'),
	(90130, 11, 11225, 'Element: Stone Padding', 'Elemental power of protection', 'Self', 0, 0, 0, 0, 14, 'Spell Element', 65535, 0, 0, 0, 0, 0, 0, 0, 90011, 0, 10, 50, '', '', '', '', 0, 0, NULL, NULL, NULL, NULL, 0, 0, NULL, NULL, NULL, 'Mattermancer', 'ac4a272a-0a10-11e4-931b-6cf049edc9ce'),
	(90107, 2507, 2507, 'Greater Gloom Blast', 'Damages the target. After casting the spell, the caster may allow it to charge; releasing a charged spell results in more damage, and a higher chance to cast secondary elemental effects. Damage calculation uses the elemental spell\'s specialisation.', 'Enemy', 1500, 9, 2.6, 57, 14, 'ChargingDD', 0, 10, 0, 3, 0, 0, 0, 0, 1.5, 0, 250, 0, '', '', '', '', 0, 0, NULL, NULL, NULL, NULL, 0, 0, NULL, NULL, NULL, 'Mattermancer', 'ac4a31ab-0a10-11e4-931b-6cf049edc9ce'),
	(90119, 3006, 3006, 'Element: Improved Heal', 'Elemental power of healing', 'Self', 0, 0, 0, 0, 15, 'Spell Element', 65535, 0, 0, 0, 0, 0, 0, 0, 90006, 0, 30, 75, '', '', '', '', 0, 0, NULL, NULL, NULL, NULL, 0, 0, NULL, NULL, NULL, 'Mattermancer', 'ac4a37b0-0a10-11e4-931b-6cf049edc9ce'),
	(90157, 2667, 2667, 'Major Suppressive Barrier', 'Adds to the recipient\'s Armor Factor (AF) resulting in better protection againts some forms of attack. It acts in addition to any armor the target is wearing.', 'Self', 0, 15, 3, 0, 0, 'ArmorFactorBuff', 1200, 0, 0, 0, 0, 0, 0, 0, 124, 0, 0, 0, 'A shield surrounds you.', '', '', '', 0, 1, 1, NULL, 1, 1, 0, 0, NULL, NULL, NULL, 'Mattermancer', 'ac4a3992-0a10-11e4-931b-6cf049edc9ce'),
	(90022, 473, 2703, 'Element: Slowing Gale', 'Air impedes your enemies.', 'Self', 0, 0, 0, 0, 11, 'Spell Element', 65535, 0, 0, 0, 0, 0, 0, 0, 90032, 0, 30, 70, '', '', '', '', 0, 0, NULL, NULL, NULL, NULL, 0, 0, NULL, NULL, NULL, 'Mattermancer', 'ac4a3bbc-0a10-11e4-931b-6cf049edc9ce'),
	(90121, 3008, 3008, 'Element: Major Heal', 'Elemental power of healing', 'Self', 0, 0, 0, 0, 15, 'Spell Element', 65535, 0, 0, 0, 0, 0, 0, 0, 90009, 0, 30, 75, '', '', '', '', 0, 0, NULL, NULL, NULL, NULL, 0, 0, NULL, NULL, NULL, 'Mattermancer', 'ac4a3ff0-0a10-11e4-931b-6cf049edc9ce'),
	(90160, 2670, 2670, 'Major Suppressive Barrier', 'Adds to the recipient\'s Armor Factor (AF) resulting in better protection againts some forms of attack. It acts in addition to any armor the target is wearing.', 'Self', 0, 33, 3, 0, 0, 'ArmorFactorBuff', 1200, 0, 0, 0, 0, 0, 0, 0, 250, 0, 0, 0, 'A shield surrounds you.', '', '', '', 0, 1, 1, NULL, 1, 1, 0, 0, NULL, NULL, NULL, 'Mattermancer', 'ac4a46e5-0a10-11e4-931b-6cf049edc9ce'),
	(90164, 3611, 3611, 'Pursue', 'The movement speed of the target is increased.', 'Self', 0, 0, 0, 0, 0, 'SpeedEnhancement', 8, 0, 0, 0, 0, 0, 0, 0, 204, 0, 0, 0, '', '', '', '', 0, 0, 10, NULL, NULL, NULL, 0, 0, NULL, NULL, NULL, 'Mattermancer', 'ac4a77dc-0a10-11e4-931b-6cf049edc9ce'),
	(90153, 2663, 2663, 'Magic Shield', 'Adds to the recipient\'s Armor Factor (AF) resulting in better protection againts some forms of attack. It acts in addition to any armor the target is wearing.', 'Self', 0, 5, 3, 0, 0, 'ArmorFactorBuff', 1200, 0, 0, 0, 0, 0, 0, 0, 42, 0, 0, 0, 'A shield surrounds you.', '', '', '', 0, 1, 1, NULL, 1, 1, 0, 0, NULL, NULL, NULL, 'Mattermancer', 'ac4a9a4f-0a10-11e4-931b-6cf049edc9ce'),
	(90007, 3007, 3007, 'Heal', 'Heals the target.', 'Realm', 0, 0, 0, 0, 0, 'Heal', 0, 0, 0, 0, 400, 0, 0, 0, 30, 0, 0, 0, '', '', '', '', 0, 130, NULL, NULL, NULL, NULL, 0, 0, NULL, NULL, NULL, 'Mattermancer', 'ac4ab22a-0a10-11e4-931b-6cf049edc9ce'),
	(90102, 2502, 2502, 'Dusk Dart', 'Damages the target. After casting the spell, the caster may allow it to charge; releasing a charged spell results in more damage, and a higher chance to cast secondary elemental effects. Damage calculation uses the elemental spell\'s specialisation.', 'Enemy', 1500, 2, 2.6, 9.4, 14, 'ChargingDD', 0, 10, 0, 1, 0, 0, 0, 0, 1.4, 0, 250, 0, '', '', '', '', 0, 0, NULL, NULL, NULL, NULL, 0, 0, NULL, NULL, NULL, 'Mattermancer', 'ac4ab783-0a10-11e4-931b-6cf049edc9ce'),
	(90005, 3005, 3005, 'Heal', 'Heals the target.', 'Realm', 0, 0, 0, 0, 0, 'Heal', 0, 0, 0, 0, 400, 0, 0, 0, 16, 0, 0, 0, '', '', '', '', 0, 130, NULL, NULL, NULL, NULL, 0, 0, NULL, NULL, NULL, 'Mattermancer', 'ac4ad0a2-0a10-11e4-931b-6cf049edc9ce'),
	(90108, 2508, 2508, 'Murk Blast', 'Damages the target. After casting the spell, the caster may allow it to charge; releasing a charged spell results in more damage, and a higher chance to cast secondary elemental effects. Damage calculation uses the elemental spell\'s specialisation.', 'Enemy', 1500, 12, 2.6, 73.1, 14, 'ChargingDD', 0, 10, 0, 4, 0, 0, 0, 0, 1.5, 0, 250, 0, '', '', '', '', 0, 0, NULL, NULL, NULL, NULL, 0, 0, NULL, NULL, NULL, 'Mattermancer', 'ac4ae67a-0a10-11e4-931b-6cf049edc9ce'),
	(90017, 11231, 11231, 'Stone Cloak', 'Adds to the target\'s absorption (ABS) factor, resulting in better protection against melee attacks.', 'Self', 0, 0, 0, 0, 0, 'ArmorAbsorptionBuff', 4, 0, 0, 0, 0, 0, 0, 0, 55, 0, 0, 0, '', '', '', '', 0, 0, 9, NULL, 0, 0, 0, 0, NULL, NULL, NULL, 'Mattermancer', 'ac4af13a-0a10-11e4-931b-6cf049edc9ce'),
	(90177, 227, 227, 'Weakening Gale', 'Lowers resistance to the spell\'s type.', 'Enemy', 1500, 0, 0, 0, 11, 'ColdResistDebuff', 20, 0, 0, 0, 0, 0, 0, 0, 21, 0, 0, 0, 'Your defences lower!', '{0} is more vulnerable!', '', '', 0, 0, NULL, NULL, NULL, NULL, 0, 0, NULL, NULL, NULL, 'Mattermancer', 'ac4afcdd-0a10-11e4-931b-6cf049edc9ce'),
	(90043, 363, 363, 'Element: Bang!', 'Elemental power of explosions.', 'Self', 0, 0, 0, 0, 13, 'Spell Element', 65535, 0, 0, 0, 0, 0, 0, 0, 90053, 0, 30, 70, NULL, NULL, NULL, NULL, 0, 0, NULL, NULL, NULL, NULL, NULL, NULL, NULL, NULL, NULL, 'Mattermancer', 'ac4b0831-0a10-11e4-931b-6cf049edc9ce'),
	(90042, 362, 362, 'Element: Ping!', 'Elemental power of explosions.', 'Self', 0, 0, 0, 0, 13, 'Spell Element', 65535, 0, 0, 0, 0, 0, 0, 0, 90052, 0, 30, 70, '', '', '', '', 0, 0, NULL, NULL, NULL, NULL, NULL, NULL, NULL, NULL, NULL, 'Mattermancer', 'ac4b0bcd-0a10-11e4-931b-6cf049edc9ce'),
	(90174, 224, 224, 'Weakening Draught', 'Lowers resistance to the spell\'s type.', 'Enemy', 1500, 0, 0, 0, 11, 'ColdResistDebuff', 20, 0, 0, 0, 0, 0, 0, 0, 14, 0, 0, 0, 'Your defences lower!', '{0} is more vulnerable!', '', '', 0, 0, NULL, NULL, NULL, NULL, 0, 0, NULL, NULL, NULL, 'Mattermancer', 'ac4b10e4-0a10-11e4-931b-6cf049edc9ce'),
	(90122, 3010, 3010, 'Element: Major Mend', 'Elemental power of healing', 'Self', 0, 0, 0, 0, 15, 'Spell Element', 65535, 0, 0, 0, 0, 0, 0, 0, 90010, 0, 30, 75, '', '', '', '', 0, 0, NULL, NULL, NULL, NULL, 0, 0, NULL, NULL, NULL, 'Mattermancer', 'ac4b1be3-0a10-11e4-931b-6cf049edc9ce'),
	(90163, 3610, 3610, 'Speed', 'The movement speed of the target is increased.', 'Self', 0, 0, 0, 0, 0, 'SpeedEnhancement', 8, 0, 0, 0, 0, 0, 0, 0, 189, 0, 0, 0, '', '', '', '', 0, 0, 10, NULL, NULL, NULL, 0, 0, NULL, NULL, NULL, 'Mattermancer', 'ac4bbd95-0a10-11e4-931b-6cf049edc9ce'),
	(90034, 473, 2705, 'Slowing Wind', 'Target\'s speed is decreased.', 'Enemy', 1500, 0, 0, 0, 11, 'UnbreakableSpeedDecrease', 3, 0, 0, 0, 0, 0, 0, 0, 75, 0, 0, 0, 'Wind resists your motion!', '{0}\'s motion is impeded!', NULL, NULL, NULL, NULL, 2857, NULL, NULL, NULL, NULL, NULL, NULL, NULL, NULL, 'Mattermancer', 'ac4bc64b-0a10-11e4-931b-6cf049edc9ce'),
	(90035, 474, 2707, 'Slowing Storm', 'Target\'s speed is decreased.', 'Enemy', 1500, 0, 0, 0, 11, 'UnbreakableSpeedDecrease', 3, 0, 0, 0, 0, 0, 0, 0, 75, 0, 0, 0, 'Wind resists your motion!', '{0}\'s motion is impeded!', NULL, NULL, NULL, NULL, 2857, NULL, NULL, NULL, NULL, NULL, NULL, NULL, NULL, 'Mattermancer', 'ac4bc851-0a10-11e4-931b-6cf049edc9ce'),
	(90036, 475, 2709, 'Slowing Hurricane', 'Target\'s speed is decreased.', 'Enemy', 1500, 0, 0, 0, 11, 'UnbreakableSpeedDecrease', 3, 0, 0, 0, 0, 0, 0, 0, 80, 0, 0, 0, 'Wind resists your motion!', '{0}\'s motion is impeded!', NULL, NULL, NULL, NULL, 2857, NULL, NULL, NULL, NULL, NULL, NULL, NULL, NULL, 'Mattermancer', 'ac4bca40-0a10-11e4-931b-6cf049edc9ce'),
	(90044, 364, 364, 'Element: Explode!', 'Elemental power of explosions.', 'Self', 0, 0, 0, 0, 13, 'Spell Element', 65535, 0, 0, 0, 0, 0, 0, 0, 90054, 0, 30, 70, NULL, NULL, NULL, NULL, 0, 0, NULL, NULL, NULL, NULL, NULL, NULL, NULL, NULL, NULL, 'Mattermancer', 'ac4bcc35-0a10-11e4-931b-6cf049edc9ce'),
	(90045, 365, 365, 'Element: Explode!', 'Elemental power of explosions.', 'Self', 0, 0, 0, 0, 13, 'Spell Element', 65535, 0, 0, 0, 0, 0, 0, 0, 90055, 0, 30, 70, NULL, NULL, NULL, NULL, 0, 0, NULL, NULL, NULL, NULL, NULL, NULL, NULL, NULL, NULL, 'Mattermancer', 'ac4bce60-0a10-11e4-931b-6cf049edc9ce'),
	(90046, 366, 366, 'Element: Boom!', 'Elemental power of explosions.', 'Self', 0, 0, 0, 0, 13, 'Spell Element', 65535, 0, 0, 0, 0, 0, 0, 0, 90056, 0, 30, 70, NULL, NULL, NULL, NULL, 0, 0, NULL, NULL, NULL, NULL, NULL, NULL, NULL, NULL, NULL, 'Mattermancer', 'ac4bd087-0a10-11e4-931b-6cf049edc9ce'),
	(90047, 367, 367, 'Element: Kaboom!', 'Elemental power of explosions.', 'Self', 0, 0, 0, 0, 13, 'Spell Element', 65535, 0, 0, 0, 0, 0, 0, 0, 90057, 0, 30, 70, NULL, NULL, NULL, NULL, 0, 0, NULL, NULL, NULL, NULL, NULL, NULL, NULL, NULL, NULL, 'Mattermancer', 'ac4bd2be-0a10-11e4-931b-6cf049edc9ce'),
	(90048, 368, 368, 'Element: Kersplosion!', 'Elemental power of explosions.', 'Self', 0, 0, 0, 0, 13, 'Spell Element', 65535, 0, 0, 0, 0, 0, 0, 0, 90058, 0, 30, 70, NULL, NULL, NULL, NULL, 0, 0, NULL, NULL, NULL, NULL, NULL, NULL, NULL, NULL, NULL, 'Mattermancer', 'ac4bd4e8-0a10-11e4-931b-6cf049edc9ce'),
	(90019, 0, 0, 'Untapped Potential', 'You have untapped potential!', 'Self', 0, 0, 0, 0, 0, 'Untapped Potential', 30, 0, 0, 0, 0, 0, 0, 0, 0, 0, 0, 0, NULL, NULL, NULL, NULL, NULL, NULL, NULL, NULL, NULL, NULL, NULL, NULL, NULL, NULL, NULL, 'Mattermancer', 'ac4bd804-0a10-11e4-931b-6cf049edc9ce'),
	(90060, 4211, 4211, 'Word: Mirror Image', 'Creates an illusion to distract enemies.', 'Self', 0, 0, 0, 0, 0, 'Untapped Potential Spell', 0, 0, 0, 0, 0, 30, 0, 0, 90070, 0, 3, 0, NULL, NULL, NULL, NULL, 0, 3732, NULL, NULL, NULL, NULL, NULL, 3732, NULL, NULL, NULL, 'Mattermancer', 'ac4bda76-0a10-11e4-931b-6cf049edc9ce'),
	(90061, 4212, 4212, 'Word: Mirror Image II', 'Creates an illusion to distract enemies.', 'Self', 0, 0, 0, 0, 0, 'Untapped Potential Spell', 0, 0, 0, 0, 0, 30, 0, 0, 90071, 0, 3, 0, NULL, NULL, NULL, NULL, 0, 3732, NULL, NULL, NULL, NULL, NULL, 3732, NULL, NULL, NULL, 'Mattermancer', 'ac4bdcc2-0a10-11e4-931b-6cf049edc9ce'),
	(90062, 4213, 4213, 'Word: Mirror Image III', 'Creates an illusion to distract enemies.', 'Self', 0, 0, 0, 0, 0, 'Untapped Potential Spell', 0, 0, 0, 0, 0, 30, 0, 0, 90072, 0, 3, 0, NULL, NULL, NULL, NULL, 0, 3732, NULL, NULL, NULL, NULL, NULL, 3732, NULL, NULL, NULL, 'Mattermancer', 'ac4bdf0a-0a10-11e4-931b-6cf049edc9ce'),
	(90063, 4214, 4214, 'Word: Mirror Image IV', 'Creates an illusion to distract enemies.', 'Self', 0, 0, 0, 0, 0, 'Untapped Potential Spell', 0, 0, 0, 0, 0, 30, 0, 0, 90073, 0, 3, 0, NULL, NULL, NULL, NULL, 0, 3732, NULL, NULL, NULL, NULL, NULL, 3732, NULL, NULL, NULL, 'Mattermancer', 'ac4be155-0a10-11e4-931b-6cf049edc9ce'),
	(90064, 4215, 4215, 'Word: Mirror Image V', 'Creates an illusion to distract enemies.', 'Self', 0, 0, 0, 0, 0, 'Untapped Potential Spell', 0, 0, 0, 0, 0, 30, 0, 0, 90074, 0, 3, 0, NULL, NULL, NULL, NULL, 0, 3732, NULL, NULL, NULL, NULL, NULL, 3732, NULL, NULL, NULL, 'Mattermancer', 'ac4be390-0a10-11e4-931b-6cf049edc9ce'),
	(90065, 4216, 4216, 'Word: Mirror Image VI', 'Creates an illusion to distract enemies.', 'Self', 0, 0, 0, 0, 0, 'Untapped Potential Spell', 0, 0, 0, 0, 0, 30, 0, 0, 90075, 0, 3, 0, NULL, NULL, NULL, NULL, 0, 3732, NULL, NULL, NULL, NULL, NULL, 3732, NULL, NULL, NULL, 'Mattermancer', 'ac4be5e8-0a10-11e4-931b-6cf049edc9ce'),
	(90070, 0, 0, 'Mirror Image', 'Creates an illusion to distract enemies', 'Self', 0, 0, 0, 0, 0, 'Mirror Image', 10, 0, 0, 0, 0, 0, 0, 0, 1, 0, 0, 0, 'You create an illusiory decoy!', NULL, NULL, NULL, 0, 0, NULL, NULL, NULL, NULL, NULL, NULL, NULL, NULL, NULL, 'Mattermancer', 'ac4be85e-0a10-11e4-931b-6cf049edc9ce'),
	(90071, 0, 0, 'Mirror Image II', 'Creates an illusion to distract enemies', 'Self', 0, 0, 0, 0, 0, 'Mirror Image', 10, 0, 0, 0, 0, 0, 0, 0, 2, 0, 0, 0, 'You create an illusiory decoy!', NULL, NULL, NULL, 0, 0, NULL, NULL, NULL, NULL, NULL, NULL, NULL, NULL, NULL, 'Mattermancer', 'ac4bea51-0a10-11e4-931b-6cf049edc9ce'),
	(90072, 0, 0, 'Mirror Image III', 'Creates an illusion to distract enemies', 'Self', 0, 0, 0, 0, 0, 'Mirror Image', 10, 0, 0, 0, 0, 0, 0, 0, 3, 0, 0, 0, 'You create an illusiory decoy!', NULL, NULL, NULL, 0, 0, NULL, NULL, NULL, NULL, NULL, NULL, NULL, NULL, NULL, 'Mattermancer', 'ac4bebea-0a10-11e4-931b-6cf049edc9ce'),
	(90073, 0, 0, 'Mirror Image IV', 'Creates an illusion to distract enemies', 'Self', 0, 0, 0, 0, 0, 'Mirror Image', 10, 0, 0, 0, 0, 0, 0, 0, 4, 0, 0, 0, 'You create an illusiory decoy!', NULL, NULL, NULL, 0, 0, NULL, NULL, NULL, NULL, NULL, NULL, NULL, NULL, NULL, 'Mattermancer', 'ac4bed83-0a10-11e4-931b-6cf049edc9ce'),
	(90074, 0, 0, 'Mirror Image V', 'Creates an illusion to distract enemies', 'Self', 0, 0, 0, 0, 0, 'Mirror Image', 10, 0, 0, 0, 0, 0, 0, 0, 5, 0, 0, 0, 'You create an illusiory decoy!', NULL, NULL, NULL, 0, 0, NULL, NULL, NULL, NULL, NULL, NULL, NULL, NULL, NULL, 'Mattermancer', 'ac4befa0-0a10-11e4-931b-6cf049edc9ce'),
	(90075, 0, 0, 'Mirror Image VI', 'Creates an illusion to distract enemies', 'Self', 0, 0, 0, 0, 0, 'Mirror Image', 10, 0, 0, 0, 0, 0, 0, 0, 6, 0, 0, 0, 'You create an illusiory decoy!', NULL, NULL, NULL, 0, 0, NULL, NULL, NULL, NULL, NULL, NULL, NULL, NULL, NULL, 'Mattermancer', 'ac4bf192-0a10-11e4-931b-6cf049edc9ce'),
	(90090, 0, 212, 'Word: Minor Rumblings', 'The ground trembles at your words. Damage is dealt to nearby enemies.', 'Enemy', 0, 0, 0, 0, 0, 'Untapped Potential Spell', 0, 0, 0, 0, 0, 5, 0, 0, 90080, 0, 3, 0, NULL, NULL, NULL, NULL, 0, 0, 0, 0, 0, 0, 0, 2061, 0, 0, NULL, 'Mattermancer', 'ac4bf489-0a10-11e4-931b-6cf049edc9ce'),
	(90091, 0, 212, 'Word: Rumblings', 'The ground trembles at your words. Damage is dealt to nearby enemies.', 'Enemy', 0, 0, 0, 0, 0, 'Untapped Potential Spell', 0, 0, 0, 0, 0, 5, 0, 0, 90081, 0, 3, 0, NULL, NULL, NULL, NULL, 0, 0, 0, 0, 0, 0, 0, 2061, 0, 0, NULL, 'Mattermancer', 'ac4bf76c-0a10-11e4-931b-6cf049edc9ce'),
	(90092, 0, 213, 'Word: Rumblings', 'The ground trembles at your words. Damage is dealt to nearby enemies.', 'Enemy', 0, 0, 0, 0, 0, 'Untapped Potential Spell', 0, 0, 0, 0, 0, 5, 0, 0, 90082, 0, 3, 0, NULL, NULL, NULL, NULL, 0, 0, 0, 0, 0, 0, 0, 2061, 0, 0, NULL, 'Mattermancer', 'ac4bf97c-0a10-11e4-931b-6cf049edc9ce'),
	(90093, 0, 214, 'Word: Minor Tremor', 'The ground trembles at your words. Damage is dealt to nearby enemies.', 'Enemy', 0, 0, 0, 0, 0, 'Untapped Potential Spell', 0, 0, 0, 0, 0, 5, 0, 0, 90083, 0, 3, 0, NULL, NULL, NULL, NULL, 0, 0, 0, 0, 0, 0, 0, 2061, 0, 0, NULL, 'Mattermancer', 'ac4bfb8c-0a10-11e4-931b-6cf049edc9ce'),
	(90094, 0, 215, 'Word: Major Tremor', 'The ground trembles at your words. Damage is dealt to nearby enemies.', 'Enemy', 0, 0, 0, 0, 0, 'Untapped Potential Spell', 0, 0, 0, 0, 0, 5, 0, 0, 90084, 0, 3, 0, NULL, NULL, NULL, NULL, 0, 0, 0, 0, 0, 0, 0, 2061, 0, 0, NULL, 'Mattermancer', 'ac4bfd99-0a10-11e4-931b-6cf049edc9ce'),
	(90095, 0, 216, 'Word: Minor Quake', 'The ground trembles at your words. Damage is dealt to nearby enemies.', 'Enemy', 0, 0, 0, 0, 0, 'Untapped Potential Spell', 0, 0, 0, 0, 0, 5, 0, 0, 90085, 0, 3, 0, NULL, NULL, NULL, NULL, 0, 0, 0, 0, 0, 0, 0, 2061, 0, 0, NULL, 'Mattermancer', 'ac4bffa8-0a10-11e4-931b-6cf049edc9ce'),
	(90096, 0, 217, 'Word: Quake', 'The ground trembles at your words. Damage is dealt to nearby enemies.', 'Enemy', 0, 0, 0, 0, 0, 'Untapped Potential Spell', 0, 0, 0, 0, 0, 5, 0, 0, 90086, 0, 3, 0, NULL, NULL, NULL, NULL, 0, 0, 0, 0, 0, 0, 0, 2061, 0, 0, NULL, 'Mattermancer', 'ac4c01bc-0a10-11e4-931b-6cf049edc9ce'),
	(90097, 0, 218, 'Word: Major Quake', 'The ground trembles at your words. Damage is dealt to nearby enemies.', 'Enemy', 0, 0, 0, 0, 0, 'Untapped Potential Spell', 0, 0, 0, 0, 0, 5, 0, 0, 90087, 0, 3, 0, NULL, NULL, NULL, NULL, 0, 0, 0, 0, 0, 0, 0, 2061, 0, 0, NULL, 'Mattermancer', 'ac4c03d5-0a10-11e4-931b-6cf049edc9ce'),
	(90098, 0, 219, 'Word: Earthquake', 'The ground trembles at your words. Damage is dealt to nearby enemies.', 'Enemy', 0, 0, 0, 0, 0, 'Untapped Potential Spell', 0, 0, 0, 0, 0, 5, 0, 0, 90088, 0, 3, 0, NULL, NULL, NULL, NULL, 0, 0, 0, 0, 0, 0, 0, 2061, 0, 0, NULL, 'Mattermancer', 'ac4c061d-0a10-11e4-931b-6cf049edc9ce'),
	(90145, 0, 3361, 'Word: Calming Breeze', 'Like the wind, your mind is calm.', 'Self', 0, 0, 0, 0, 0, 'Untapped Potential Spell', 0, 0, 0, 0, 0, 5, 0, 0, 90140, 0, 0, 3, NULL, NULL, NULL, NULL, 0, 0, NULL, NULL, NULL, NULL, 0, 2843, NULL, NULL, NULL, 'Mattermancer', 'ac4c08df-0a10-11e4-931b-6cf049edc9ce'),
	(90146, 0, 3362, 'Word: Calming Winds', 'Like the wind, your mind is calm.', 'Self', 0, 0, 0, 0, 0, 'Untapped Potential Spell', 0, 0, 0, 0, 0, 5, 0, 0, 90141, 0, 0, 3, NULL, NULL, NULL, NULL, 0, 0, NULL, NULL, NULL, NULL, 0, 2843, NULL, NULL, NULL, 'Mattermancer', 'ac4c0ad8-0a10-11e4-931b-6cf049edc9ce'),
	(90147, 0, 3363, 'Word: Refreshing Breeze', 'Like the wind, your mind is calm.', 'Self', 0, 0, 0, 0, 0, 'Untapped Potential Spell', 0, 0, 0, 0, 0, 5, 0, 0, 90142, 0, 0, 3, NULL, NULL, NULL, NULL, 0, 0, NULL, NULL, NULL, NULL, 0, 2843, NULL, NULL, NULL, 'Mattermancer', 'ac4c0df3-0a10-11e4-931b-6cf049edc9ce'),
	(90148, 0, 3364, 'Word: Refreshing Wind', 'Like the wind, your mind is calm.', 'Self', 0, 0, 0, 0, 0, 'Untapped Potential Spell', 0, 0, 0, 0, 0, 5, 0, 0, 90143, 0, 0, 3, NULL, NULL, NULL, NULL, 0, 0, NULL, NULL, NULL, NULL, 0, 2843, NULL, NULL, NULL, 'Mattermancer', 'ac4c0f9d-0a10-11e4-931b-6cf049edc9ce'),
	(90149, 0, 3365, 'Word: Relaxation', 'Like the wind, your mind is calm.', 'Self', 0, 0, 0, 0, 0, 'Untapped Potential Spell', 0, 0, 0, 0, 0, 5, 0, 0, 90144, 0, 0, 3, NULL, NULL, NULL, NULL, 0, 0, NULL, NULL, NULL, NULL, 0, 2843, NULL, NULL, NULL, 'Mattermancer', 'ac4c110b-0a10-11e4-931b-6cf049edc9ce'),
	(90166, 0, 3608, 'Word: Flee', 'Like the air, you flow freely.', 'Self', 0, 0, 0, 0, 0, 'Untapped Potential Spell', 0, 0, 0, 0, 0, 3, 0, 0, 90161, 0, 1, 0, NULL, NULL, NULL, NULL, 0, 0, 0, NULL, NULL, NULL, 0, 8251, NULL, NULL, NULL, 'Mattermancer', 'ac4c12d3-0a10-11e4-931b-6cf049edc9ce'),
	(90167, 0, 3609, 'Word: Run', 'Like the air, you flow freely.', 'Self', 0, 0, 0, 0, 0, 'Untapped Potential Spell', 0, 0, 0, 0, 0, 3, 0, 0, 90162, 0, 1, 0, NULL, NULL, NULL, NULL, 0, 0, 0, NULL, NULL, NULL, 0, 8251, NULL, NULL, NULL, 'Mattermancer', 'ac4c1479-0a10-11e4-931b-6cf049edc9ce'),
	(90168, 0, 3610, 'Word: Speed', 'Like the air, you flow freely.', 'Self', 0, 0, 0, 0, 0, 'Untapped Potential Spell', 0, 0, 0, 0, 0, 3, 0, 0, 90163, 0, 1, 0, NULL, NULL, NULL, NULL, 0, 0, 0, NULL, NULL, NULL, 0, 8251, NULL, NULL, NULL, 'Mattermancer', 'ac4c15ea-0a10-11e4-931b-6cf049edc9ce'),
	(90169, 0, 3611, 'Word: Pursue', 'Like the air, you flow freely.', 'Self', 0, 0, 0, 0, 0, 'Untapped Potential Spell', 0, 0, 0, 0, 0, 3, 0, 0, 90164, 0, 1, 0, NULL, NULL, NULL, NULL, 0, 0, 0, NULL, NULL, NULL, 0, 8251, NULL, NULL, NULL, 'Mattermancer', 'ac4c1784-0a10-11e4-931b-6cf049edc9ce'),
	(90170, 0, 3612, 'Word: Chase', 'Like the air, you flow freely.', 'Self', 0, 0, 0, 0, 0, 'Untapped Potential Spell', 0, 0, 0, 0, 0, 3, 0, 0, 90165, 0, 1, 0, NULL, NULL, NULL, NULL, 0, 0, 0, NULL, NULL, NULL, 0, 8251, NULL, NULL, NULL, 'Mattermancer', 'ac4c190f-0a10-11e4-931b-6cf049edc9ce'),
	(90180, 221, 221, 'Element: Weakening Waft', 'Lowers resistance to cold damage.', 'Self', 0, 0, 0, 0, 11, 'Spell Element', 65535, 0, 0, 0, 0, 0, 0, 0, 90171, 0, 50, 100, '', '', NULL, NULL, 0, 0, NULL, NULL, NULL, NULL, 0, 0, NULL, NULL, NULL, 'Mattermancer', 'ac4c1c21-0a10-11e4-931b-6cf049edc9ce'),
	(90181, 222, 222, 'Element: Weakening Wind', 'Lowers resistance to cold damage.', 'Self', 0, 0, 0, 0, 11, 'Spell Element', 65535, 0, 0, 0, 0, 0, 0, 0, 90172, 0, 50, 100, NULL, NULL, NULL, NULL, 0, 0, NULL, NULL, NULL, NULL, 0, 0, NULL, NULL, NULL, 'Mattermancer', 'ac4c1ecf-0a10-11e4-931b-6cf049edc9ce'),
	(90182, 223, 223, 'Element: Weakening Breeze', 'Lowers resistance to cold damage.', 'Self', 0, 0, 0, 0, 11, 'Spell Element', 65535, 0, 0, 0, 0, 0, 0, 0, 90173, 0, 50, 100, NULL, NULL, NULL, NULL, 0, 0, NULL, NULL, NULL, NULL, 0, 0, NULL, NULL, NULL, 'Mattermancer', 'ac4c2117-0a10-11e4-931b-6cf049edc9ce'),
	(90183, 224, 224, 'Element: Weakening Draught', 'Lowers resistance to cold damage.', 'Self', 0, 0, 0, 0, 11, 'Spell Element', 65535, 0, 0, 0, 0, 0, 0, 0, 90174, 0, 50, 100, NULL, NULL, NULL, NULL, 0, 0, NULL, NULL, NULL, NULL, 0, 0, NULL, NULL, NULL, 'Mattermancer', 'ac4c232a-0a10-11e4-931b-6cf049edc9ce'),
	(90184, 225, 225, 'Element: Weakening Gust', 'Lowers resistance to cold damage.', 'Self', 0, 0, 0, 0, 11, 'Spell Element', 65535, 0, 0, 0, 0, 0, 0, 0, 90175, 0, 50, 100, NULL, NULL, NULL, NULL, 0, 0, NULL, NULL, NULL, NULL, 0, 0, NULL, NULL, NULL, 'Mattermancer', 'ac4c2530-0a10-11e4-931b-6cf049edc9ce'),
	(90185, 226, 226, 'Element: Weakening Current', 'Lowers resistance to cold damage.', 'Self', 0, 0, 0, 0, 11, 'Spell Element', 65535, 0, 0, 0, 0, 0, 0, 0, 90176, 0, 50, 100, NULL, NULL, NULL, NULL, 0, 0, NULL, NULL, NULL, NULL, 0, 0, NULL, NULL, NULL, 'Mattermancer', 'ac4c2712-0a10-11e4-931b-6cf049edc9ce'),
	(90186, 227, 227, 'Element: Weakening Gale', 'Lowers resistance to cold damage.', 'Self', 0, 0, 0, 0, 11, 'Spell Element', 65535, 0, 0, 0, 0, 0, 0, 0, 90177, 0, 50, 100, NULL, NULL, NULL, NULL, 0, 0, NULL, NULL, NULL, NULL, 0, 0, NULL, NULL, NULL, 'Mattermancer', 'ac4c28ea-0a10-11e4-931b-6cf049edc9ce'),
	(90187, 228, 228, 'Element: Weakening Zephyr', 'Lowers resistance to cold damage.', 'Self', 0, 0, 0, 0, 11, 'Spell Element', 65535, 0, 0, 0, 0, 0, 0, 0, 90178, 0, 50, 100, NULL, NULL, NULL, NULL, 0, 0, NULL, NULL, NULL, NULL, 0, 0, NULL, NULL, NULL, 'Mattermancer', 'ac4c2ac5-0a10-11e4-931b-6cf049edc9ce'),
	(90188, 101, 101, 'Word: Earth Sprite', 'The rocks are eager to assist.', 'Enemy', 1500, 0, 0, 0, 0, 'Untapped Potential Spell', 0, 0, 0, 0, 0, 0, 0, 0, 90195, 0, 3, 0, NULL, NULL, NULL, NULL, 0, 0, 0, NULL, NULL, NULL, 0, NULL, NULL, NULL, NULL, 'Mattermancer', 'ac4c2d63-0a10-11e4-931b-6cf049edc9ce'),
	(90189, 102, 102, 'Word: Rock Sprite', 'The rocks are eager to assist.', 'Enemy', 1500, 0, 0, 0, 0, 'Untapped Potential Spell', 0, 0, 0, 0, 0, 0, 0, 0, 90196, 0, 3, 0, NULL, NULL, NULL, NULL, 0, 0, 0, NULL, NULL, NULL, 0, NULL, NULL, NULL, NULL, 'Mattermancer', 'ac4c2ede-0a10-11e4-931b-6cf049edc9ce'),
	(90190, 103, 103, 'Word: Boulder Sprite', 'The rocks are eager to assist.', 'Enemy', 1500, 0, 0, 0, 0, 'Untapped Potential Spell', 0, 0, 0, 0, 0, 0, 0, 0, 90197, 0, 3, 0, NULL, NULL, NULL, NULL, 0, 0, 0, NULL, NULL, NULL, 0, NULL, NULL, NULL, NULL, 'Mattermancer', 'ac4c3088-0a10-11e4-931b-6cf049edc9ce'),
	(90191, 104, 104, 'Word: Earth Spirit', 'The rocks are eager to assist.', 'Enemy', 1500, 0, 0, 0, 0, 'Untapped Potential Spell', 0, 0, 0, 0, 0, 0, 0, 0, 90198, 0, 3, 0, NULL, NULL, NULL, NULL, 0, 0, 0, NULL, NULL, NULL, 0, NULL, NULL, NULL, NULL, 'Mattermancer', 'ac4c3231-0a10-11e4-931b-6cf049edc9ce'),
	(90192, 105, 105, 'Word: Rock Spirit', 'The rocks are eager to assist.', 'Enemy', 1500, 0, 0, 0, 0, 'Untapped Potential Spell', 0, 0, 0, 0, 0, 0, 0, 0, 90199, 0, 3, 0, NULL, NULL, NULL, NULL, 0, 0, 0, NULL, NULL, NULL, 0, NULL, NULL, NULL, NULL, 'Mattermancer', 'ac4c3427-0a10-11e4-931b-6cf049edc9ce'),
	(90193, 106, 106, 'Word: Boulder Spirit', 'The rocks are eager to assist.', 'Enemy', 1500, 0, 0, 0, 0, 'Untapped Potential Spell', 0, 0, 0, 0, 0, 0, 0, 0, 90200, 0, 3, 0, NULL, NULL, NULL, NULL, 0, 0, 0, NULL, NULL, NULL, 0, NULL, NULL, NULL, NULL, 'Mattermancer', 'ac4c35e7-0a10-11e4-931b-6cf049edc9ce'),
	(90194, 107, 107, 'Word: Golem', 'The rocks are eager to assist.', 'Enemy', 1500, 0, 0, 0, 0, 'Untapped Potential Spell', 0, 0, 0, 0, 0, 0, 0, 0, 90201, 0, 3, 0, NULL, NULL, NULL, NULL, 0, 0, 0, NULL, NULL, NULL, 0, NULL, NULL, NULL, NULL, 'Mattermancer', 'ac4c3798-0a10-11e4-931b-6cf049edc9ce'),
	(90195, 101, 101, 'Earth Sprite', 'Summons an elemental of rock.', 'Enemy', 1500, 0, 0, -110, 0, 'SummonTheurgistPet', 15, 0, 0, 0, 0, 0, 0, 0, 5, 0, 90195, 0, NULL, NULL, NULL, NULL, 0, 0, 0, NULL, NULL, NULL, 0, NULL, NULL, NULL, NULL, 'Mattermancer', 'ac4c3952-0a10-11e4-931b-6cf049edc9ce'),
	(90196, 102, 102, 'Rock Sprite', 'Summons an elemental of rock.', 'Enemy', 1500, 0, 0, -110, 0, 'SummonTheurgistPet', 15, 0, 0, 0, 0, 0, 0, 0, 10, 0, 90195, 0, NULL, NULL, NULL, NULL, 0, 0, 0, NULL, NULL, NULL, 0, NULL, NULL, NULL, NULL, 'Mattermancer', 'ac4c3b0c-0a10-11e4-931b-6cf049edc9ce'),
	(90197, 103, 103, 'Boulder Sprite', 'Summons an elemental of rock.', 'Enemy', 1500, 0, 0, -110, 0, 'SummonTheurgistPet', 15, 0, 0, 0, 0, 0, 0, 0, 20, 0, 90195, 0, NULL, NULL, NULL, NULL, 0, 0, 0, NULL, NULL, NULL, 0, NULL, NULL, NULL, NULL, 'Mattermancer', 'ac4c3ccd-0a10-11e4-931b-6cf049edc9ce'),
	(90198, 104, 104, 'Earth Spirit', 'Summons an elemental of rock.', 'Enemy', 1500, 0, 0, -110, 0, 'SummonTheurgistPet', 15, 0, 0, 0, 0, 0, 0, 0, 30, 0, 90195, 0, NULL, NULL, NULL, NULL, 0, 0, 0, NULL, NULL, NULL, 0, NULL, NULL, NULL, NULL, 'Mattermancer', 'ac4c3ea4-0a10-11e4-931b-6cf049edc9ce'),
	(90199, 105, 105, 'Earth Spirit', 'Summons an elemental of rock.', 'Enemy', 1500, 0, 0, -110, 0, 'SummonTheurgistPet', 15, 0, 0, 0, 0, 0, 0, 0, 40, 0, 90195, 0, NULL, NULL, NULL, NULL, 0, 0, 0, NULL, NULL, NULL, 0, NULL, NULL, NULL, NULL, 'Mattermancer', 'ac4c4051-0a10-11e4-931b-6cf049edc9ce'),
	(90200, 106, 106, 'Boulder Spirit', 'Summons an elemental of rock.', 'Enemy', 1500, 0, 0, -110, 0, 'SummonTheurgistPet', 15, 0, 0, 0, 0, 0, 0, 0, 50, 0, 90195, 0, NULL, NULL, NULL, NULL, 0, 0, 0, NULL, NULL, NULL, 0, NULL, NULL, NULL, NULL, 'Mattermancer', 'ac4c41fb-0a10-11e4-931b-6cf049edc9ce'),
	(90201, 107, 107, 'Golem', 'Summons an elemental of rock.', 'Enemy', 1500, 0, 0, -110, 0, 'SummonTheurgistPet', 15, 0, 0, 0, 0, 0, 0, 0, 60, 0, 90195, 0, NULL, NULL, NULL, NULL, 0, 0, 0, NULL, NULL, NULL, 0, NULL, NULL, NULL, NULL, 'Mattermancer', 'ac4c43c9-0a10-11e4-931b-6cf049edc9ce'),
	(90300, 11, 11, 'Element: Minor Smoldering', 'Adds a chance to set your target on fire with a stacking damage over time effect.', 'Self', 0, 0, 0, 0, 13, 'Spell Element', 65535, 0, 0, 0, 0, 0, 0, 0, 90310, 0, 50, 100, NULL, NULL, NULL, NULL, 0, 0, 0, NULL, NULL, NULL, 0, 0, NULL, NULL, NULL, 'Mattermancer', 'ac4c4632-0a10-11e4-931b-6cf049edc9ce'),
	(90301, 12, 12, 'Element: Smoldering', 'Adds a chance to set your target on fire with a stacking damage over time effect.', 'Self', 0, 0, 0, 0, 13, 'Spell Element', 65535, 0, 0, 0, 0, 0, 0, 0, 90311, 0, 50, 100, NULL, NULL, NULL, NULL, 0, 0, 0, NULL, NULL, NULL, 0, 0, NULL, NULL, NULL, 'Mattermancer', 'ac4c4761-0a10-11e4-931b-6cf049edc9ce'),
	(90302, 13, 13, 'Element: Major Smoldering', 'Adds a chance to set your target on fire with a stacking damage over time effect.', 'Self', 0, 0, 0, 0, 13, 'Spell Element', 65535, 0, 0, 0, 0, 0, 0, 0, 90312, 0, 50, 100, NULL, NULL, NULL, NULL, 0, 0, 0, NULL, NULL, NULL, 0, 0, NULL, NULL, NULL, 'Mattermancer', 'ac4c48ab-0a10-11e4-931b-6cf049edc9ce'),
	(90303, 14, 14, 'Element: Minor Burning', 'Adds a chance to set your target on fire with a stacking damage over time effect.', 'Self', 0, 0, 0, 0, 13, 'Spell Element', 65535, 0, 0, 0, 0, 0, 0, 0, 90313, 0, 50, 100, NULL, NULL, NULL, NULL, 0, 0, 0, NULL, NULL, NULL, 0, 0, NULL, NULL, NULL, 'Mattermancer', 'ac4c49db-0a10-11e4-931b-6cf049edc9ce'),
	(90304, 15, 15, 'Element: Burning', 'Adds a chance to set your target on fire with a stacking damage over time effect.', 'Self', 0, 0, 0, 0, 13, 'Spell Element', 65535, 0, 0, 0, 0, 0, 0, 0, 90314, 0, 50, 100, NULL, NULL, NULL, NULL, 0, 0, 0, NULL, NULL, NULL, 0, 0, NULL, NULL, NULL, 'Mattermancer', 'ac4c4b07-0a10-11e4-931b-6cf049edc9ce'),
	(90305, 16, 16, 'Element: Major Burning', 'Adds a chance to set your target on fire with a stacking damage over time effect.', 'Self', 0, 0, 0, 0, 13, 'Spell Element', 65535, 0, 0, 0, 0, 0, 0, 0, 90315, 0, 50, 100, NULL, NULL, NULL, NULL, 0, 0, 0, NULL, NULL, NULL, 0, 0, NULL, NULL, NULL, 'Mattermancer', 'ac4c4c37-0a10-11e4-931b-6cf049edc9ce'),
	(90306, 17, 17, 'Element: Minor Flames', 'Adds a chance to set your target on fire with a stacking damage over time effect.', 'Self', 0, 0, 0, 0, 13, 'Spell Element', 65535, 0, 0, 0, 0, 0, 0, 0, 90316, 0, 50, 100, NULL, NULL, NULL, NULL, 0, 0, 0, NULL, NULL, NULL, 0, 0, NULL, NULL, NULL, 'Mattermancer', 'ac4c4d66-0a10-11e4-931b-6cf049edc9ce'),
	(90307, 18, 18, 'Element: Flames', 'Adds a chance to set your target on fire with a stacking damage over time effect.', 'Self', 0, 0, 0, 0, 13, 'Spell Element', 65535, 0, 0, 0, 0, 0, 0, 0, 90317, 0, 50, 100, NULL, NULL, NULL, NULL, 0, 0, 0, NULL, NULL, NULL, 0, 0, NULL, NULL, NULL, 'Mattermancer', 'ac4c4e92-0a10-11e4-931b-6cf049edc9ce'),
	(90308, 23, 23, 'Element: Major Flames', 'Adds a chance to set your target on fire with a stacking damage over time effect.', 'Self', 0, 0, 0, 0, 13, 'Spell Element', 65535, 0, 0, 0, 0, 0, 0, 0, 90318, 0, 50, 100, NULL, NULL, NULL, NULL, 0, 0, 0, NULL, NULL, NULL, 0, 0, NULL, NULL, NULL, 'Mattermancer', 'ac4c4fd2-0a10-11e4-931b-6cf049edc9ce'),
	(90309, 24, 24, 'Element: Incineration', 'Adds a chance to set your target on fire with a stacking damage over time effect.', 'Self', 0, 0, 0, 0, 13, 'Spell Element', 65535, 0, 0, 0, 0, 0, 0, 0, 90319, 0, 50, 100, NULL, NULL, NULL, NULL, 0, 0, 0, NULL, NULL, NULL, 0, 0, NULL, NULL, NULL, 'Mattermancer', 'ac4c5105-0a10-11e4-931b-6cf049edc9ce'),
	(90310, 351, 351, 'Minor Smoldering', 'x', 'Enemy', 1500, 0, 0, 1, 13, 'StackingDamageOverTime', 12, 10, 0, 0, 0, 0, 0, 0, 3, 0, 0, 0, NULL, NULL, NULL, NULL, 0, 0, 0, NULL, NULL, NULL, 0, 0, NULL, NULL, NULL, 'Mattermancer', 'ac4c5228-0a10-11e4-931b-6cf049edc9ce'),
	(90311, 352, 352, 'Smoldering', 'x', 'Enemy', 1500, 0, 0, 3, 13, 'StackingDamageOverTime', 12, 10, 0, 0, 0, 0, 0, 0, 3, 0, 0, 0, NULL, NULL, NULL, NULL, 0, 0, 0, NULL, NULL, NULL, 0, 0, NULL, NULL, NULL, 'Mattermancer', 'ac4c5330-0a10-11e4-931b-6cf049edc9ce'),
	(90312, 353, 353, 'Major Smoldering', 'x', 'Enemy', 1500, 0, 0, 7, 13, 'StackingDamageOverTime', 12, 10, 0, 0, 0, 0, 0, 0, 4, 0, 0, 0, NULL, NULL, NULL, NULL, 0, 0, 0, NULL, NULL, NULL, 0, 0, NULL, NULL, NULL, 'Mattermancer', 'ac4c5438-0a10-11e4-931b-6cf049edc9ce'),
	(90313, 354, 354, 'Minor Burning', 'x', 'Enemy', 1500, 0, 0, 10, 13, 'StackingDamageOverTime', 12, 10, 0, 0, 0, 0, 0, 0, 4, 0, 0, 0, NULL, NULL, NULL, NULL, 0, 0, 0, NULL, NULL, NULL, 0, 0, NULL, NULL, NULL, 'Mattermancer', 'ac4c5546-0a10-11e4-931b-6cf049edc9ce'),
	(90314, 355, 355, 'Burning', 'x', 'Enemy', 1500, 0, 0, 12, 13, 'StackingDamageOverTime', 12, 10, 0, 0, 0, 0, 0, 0, 5, 0, 0, 0, NULL, NULL, NULL, NULL, 0, 0, 0, NULL, NULL, NULL, 0, 0, NULL, NULL, NULL, 'Mattermancer', 'ac4c564e-0a10-11e4-931b-6cf049edc9ce'),
	(90315, 356, 356, 'Major Burning', 'x', 'Enemy', 1500, 0, 0, 14, 13, 'StackingDamageOverTime', 12, 10, 0, 0, 0, 0, 0, 0, 5, 0, 0, 0, NULL, NULL, NULL, NULL, 0, 0, 0, NULL, NULL, NULL, 0, 0, NULL, NULL, NULL, 'Mattermancer', 'ac4c57e7-0a10-11e4-931b-6cf049edc9ce'),
	(90316, 357, 357, 'Minor Flames', 'x', 'Enemy', 1500, 0, 0, 23, 13, 'StackingDamageOverTime', 12, 10, 0, 0, 0, 0, 0, 0, 5, 0, 0, 0, NULL, NULL, NULL, NULL, 0, 0, 0, NULL, NULL, NULL, 0, 0, NULL, NULL, NULL, 'Mattermancer', 'ac4c5910-0a10-11e4-931b-6cf049edc9ce'),
	(90317, 358, 358, 'Flames', 'x', 'Enemy', 1500, 0, 0, 26, 13, 'StackingDamageOverTime', 12, 10, 0, 0, 0, 0, 0, 0, 6, 0, 0, 0, NULL, NULL, NULL, NULL, 0, 0, 0, NULL, NULL, NULL, 0, 0, NULL, NULL, NULL, 'Mattermancer', 'ac4c5a3c-0a10-11e4-931b-6cf049edc9ce'),
	(90318, 359, 359, 'Major Flames', 'x', 'Enemy', 1500, 0, 0, 37, 13, 'StackingDamageOverTime', 12, 10, 0, 0, 0, 0, 0, 0, 6, 0, 0, 0, NULL, NULL, NULL, NULL, 0, 0, 0, NULL, NULL, NULL, 0, 0, NULL, NULL, NULL, 'Mattermancer', 'ac4c5bfd-0a10-11e4-931b-6cf049edc9ce'),
	(90319, 360, 360, 'Incineration', 'x', 'Enemy', 1500, 0, 0, 44, 13, 'StackingDamageOverTime', 12, 10, 0, 0, 0, 0, 0, 0, 7, 0, 0, 0, NULL, NULL, NULL, NULL, 0, 0, 0, NULL, NULL, NULL, 0, 0, NULL, NULL, NULL, 'Mattermancer', 'ac4c5d30-0a10-11e4-931b-6cf049edc9ce'),
	(90320, 0, 301, 'Word: Minor Smoldering', 'Set your target on fire with a stacking damage over time effect.', 'Enemy', 1500, 0, 0, 0, 0, 'Untapped Potential Spell', 0, 0, 0, 0, 0, 0, 0, 0, 90310, 0, 2, 0, NULL, NULL, NULL, NULL, 0, 0, 0, NULL, NULL, NULL, 0, 0, NULL, NULL, NULL, 'Mattermancer', 'ac4c603b-0a10-11e4-931b-6cf049edc9ce'),
	(90321, 0, 302, 'Word: Smoldering', 'Set your target on fire with a stacking damage over time effect.', 'Enemy', 1500, 0, 0, 0, 0, 'Untapped Potential Spell', 0, 0, 0, 0, 0, 0, 0, 0, 90311, 0, 2, 0, NULL, NULL, NULL, NULL, 0, 0, 0, NULL, NULL, NULL, 0, 0, NULL, NULL, NULL, 'Mattermancer', 'ac4c61de-0a10-11e4-931b-6cf049edc9ce'),
	(90322, 0, 303, 'Word: Major Smoldering', 'Set your target on fire with a stacking damage over time effect.', 'Enemy', 1500, 0, 0, 0, 0, 'Untapped Potential Spell', 0, 0, 0, 0, 0, 0, 0, 0, 90312, 0, 2, 0, NULL, NULL, NULL, NULL, 0, 0, 0, NULL, NULL, NULL, 0, 0, NULL, NULL, NULL, 'Mattermancer', 'ac4c6366-0a10-11e4-931b-6cf049edc9ce'),
	(90323, 0, 304, 'Word: Minor Burning', 'Set your target on fire with a stacking damage over time effect.', 'Enemy', 1500, 0, 0, 0, 0, 'Untapped Potential Spell', 0, 0, 0, 0, 0, 0, 0, 0, 90313, 0, 2, 0, NULL, NULL, NULL, NULL, 0, 0, 0, NULL, NULL, NULL, 0, 0, NULL, NULL, NULL, 'Mattermancer', 'ac4c64ec-0a10-11e4-931b-6cf049edc9ce'),
	(90324, 0, 305, 'Word: Burning', 'Set your target on fire with a stacking damage over time effect.', 'Enemy', 1500, 0, 0, 0, 0, 'Untapped Potential Spell', 0, 0, 0, 0, 0, 0, 0, 0, 90314, 0, 2, 0, NULL, NULL, NULL, NULL, 0, 0, 0, NULL, NULL, NULL, 0, 0, NULL, NULL, NULL, 'Mattermancer', 'ac4c6674-0a10-11e4-931b-6cf049edc9ce'),
	(90325, 0, 306, 'Word: Major Burning', 'Set your target on fire with a stacking damage over time effect.', 'Enemy', 1500, 0, 0, 0, 0, 'Untapped Potential Spell', 0, 0, 0, 0, 0, 0, 0, 0, 90315, 0, 2, 0, NULL, NULL, NULL, NULL, 0, 0, 0, NULL, NULL, NULL, 0, 0, NULL, NULL, NULL, 'Mattermancer', 'ac4c67fd-0a10-11e4-931b-6cf049edc9ce'),
	(90326, 0, 307, 'Word: Minor Flames', 'Set your target on fire with a stacking damage over time effect.', 'Enemy', 1500, 0, 0, 0, 0, 'Untapped Potential Spell', 0, 0, 0, 0, 0, 0, 0, 0, 90316, 0, 2, 0, NULL, NULL, NULL, NULL, 0, 0, 0, NULL, NULL, NULL, 0, 0, NULL, NULL, NULL, 'Mattermancer', 'ac4c6985-0a10-11e4-931b-6cf049edc9ce'),
	(90327, 0, 308, 'Word: Flames', 'Set your target on fire with a stacking damage over time effect.', 'Enemy', 1500, 0, 0, 0, 0, 'Untapped Potential Spell', 0, 0, 0, 0, 0, 0, 0, 0, 90317, 0, 2, 0, NULL, NULL, NULL, NULL, 0, 0, 0, NULL, NULL, NULL, 0, 0, NULL, NULL, NULL, 'Mattermancer', 'ac4c6b0e-0a10-11e4-931b-6cf049edc9ce'),
	(90328, 0, 309, 'Word: Major Flames', 'Set your target on fire with a stacking damage over time effect.', 'Enemy', 1500, 0, 0, 0, 0, 'Untapped Potential Spell', 0, 0, 0, 0, 0, 0, 0, 0, 90318, 0, 2, 0, NULL, NULL, NULL, NULL, 0, 0, 0, NULL, NULL, NULL, 0, 0, NULL, NULL, NULL, 'Mattermancer', 'ac4c6c97-0a10-11e4-931b-6cf049edc9ce'),
	(90329, 0, 310, 'Word: Incineration', 'Set your target on fire with a stacking damage over time effect.', 'Enemy', 1500, 0, 0, 0, 0, 'Untapped Potential Spell', 0, 0, 0, 0, 0, 0, 0, 0, 90319, 0, 2, 0, NULL, NULL, NULL, NULL, 0, 0, 0, NULL, NULL, NULL, 0, 0, NULL, NULL, NULL, 'Mattermancer', 'ac4c6e1f-0a10-11e4-931b-6cf049edc9ce');
/*!40000 ALTER TABLE `spell` ENABLE KEYS */;

-- Dumping data for table dol.spellline: ~4 rows (approximately)
/*!40000 ALTER TABLE `spellline` DISABLE KEYS */;
INSERT INTO `spellline` (`KeyName`, `Name`, `Spec`, `IsBaseLine`, `SpellLine_ID`) VALUES
	('Gift of Flame', 'Gift of Flame', 'Gift of Flame', 0, '113e2c27-0a1b-11e4-8724-002637bd3942'),
	('Air Manipulation', 'Air Manipulation', 'Stealth', 0, '113e2f29-0a1b-11e4-8724-002637bd3942'),
	('Manipulate Earth', 'Manipulate Earth', 'Manipulate Earth', 0, '113e307e-0a1b-11e4-8724-002637bd3942'),
	('Mattermancery', 'Mattermancery', 'Mattermancery', 1, '113e31dc-0a1b-11e4-8724-002637bd3942');
/*!40000 ALTER TABLE `spellline` ENABLE KEYS */;
/*!40101 SET SQL_MODE=IFNULL(@OLD_SQL_MODE, '') */;
/*!40014 SET FOREIGN_KEY_CHECKS=IF(@OLD_FOREIGN_KEY_CHECKS IS NULL, 1, @OLD_FOREIGN_KEY_CHECKS) */;
/*!40101 SET CHARACTER_SET_CLIENT=@OLD_CHARACTER_SET_CLIENT */;
